UTCDateTime,mac_address,firmware_ver,hardware,current_temp_f,current_humidity,current_dewpoint_f,pressure,adc,mem,rssi,uptime,pm1_0_atm,pm2_5_atm,pm10_0_atm,pm1_0_cf_1,pm2_5_cf_1,pm10_0_cf_1,p_0_3_um,p_0_5_um,p_1_0_um,p_2_5_um,p_5_0_um,p_10_0_um,pm1_0_atm_b,pm2_5_atm_b,pm10_0_atm_b,pm1_0_cf_1_b,pm2_5_cf_1_b,pm10_0_cf_1_b,p_0_3_um_b,p_0_5_um_b,p_1_0_um_b,p_2_5_um_b,p_5_0_um_b,p_10_0_um_b
2018/05/30T20:16:13z,2c:3a:e8:48:cc:90,2.50i,2.0+OPENLOG+15931 MB+DS3231+BME280+PMSX003A+PMSX003B,71,33,40.45,1004.61,0.00,31624,31,23,0.00,0.00,0.00,0.00,0.00,0.00,0.00,0.00,0.00,0.00,0.00,0.00,0.00,0.00,0.00,0.00,0.00,0.00,0.00,0.00,0.00,0.00,0.00,0.00
2018/05/30T20:17:27z,2c:3a:e8:48:cc:90,2.50i,2.0+OPENLOG+15931 MB+DS3231+BME280+PMSX003A+PMSX003B,71,32,39.66,1004.59,0.00,30128,31,97,0.28,0.82,0.82,0.28,0.82,0.82,253.65,66.43,4.07,0.40,0.00,0.00,0.41,0.65,0.65,0.41,0.65,0.65,227.38,67.68,5.24,0.03,0.00,0.00
2018/05/30T20:18:46z,2c:3a:e8:48:cc:90,2.50i,2.0+OPENLOG+15931 MB+DS3231+BME280+PMSX003A+PMSX003B,71,32,39.66,1004.57,0.00,30128,31,177,0.83,1.20,1.20,0.83,1.20,1.20,300.46,80.72,10.00,0.39,0.00,0.00,1.56,1.97,1.97,1.56,1.97,1.97,339.33,100.50,11.22,0.42,0.00,0.00
2018/05/30T20:20:06z,2c:3a:e8:48:cc:90,2.50i,2.0+OPENLOG+15931 MB+DS3231+BME280+PMSX003A+PMSX003B,72,31,39.71,1004.59,0.00,30128,31,257,1.02,1.43,1.43,1.02,1.43,1.43,341.22,94.41,9.76,0.26,0.00,0.00,0.33,0.39,0.39,0.33,0.39,0.39,319.00,92.28,7.92,0.42,0.00,0.00
2018/05/30T20:21:26z,2c:3a:e8:48:cc:90,2.50i,2.0+OPENLOG+15931 MB+DS3231+BME280+PMSX003A+PMSX003B,72,31,39.71,1004.54,0.00,29592,31,337,477.69,1006.25,1065.80,317.96,670.41,709.90,51469.82,22296.12,9856.04,520.90,78.98,27.92,438.00,993.42,1029.57,291.70,662.03,686.12,50328.90,21931.32,10007.03,408.95,57.60,21.02
2018/05/30T20:22:46z,2c:3a:e8:48:cc:90,2.50i,2.0+OPENLOG+15931 MB+DS3231+BME280+PMSX003A+PMSX003B,73,31,40.58,1004.53,0.00,29672,31,417,606.16,1082.75,1144.57,403.22,721.10,762.25,65535.00,27047.21,9770.78,499.80,84.20,31.31,613.37,1167.08,1206.50,408.50,777.29,803.50,65535.00,28464.55,10746.97,422.97,65.00,17.97
2018/05/30T20:24:05z,2c:3a:e8:48:cc:90,2.50i,2.0+OPENLOG+15931 MB+DS3231+BME280+PMSX003A+PMSX003B,74,31,41.45,1004.53,0.00,30128,31,497,592.22,1026.56,1073.30,394.16,683.64,714.86,65535.00,26632.50,9019.62,431.52,62.64,18.02,603.51,1112.82,1147.49,401.82,741.28,764.18,65535.00,27703.00,9989.97,388.62,59.03,9.44
2018/05/30T20:25:25z,2c:3a:e8:48:cc:90,2.50i,2.0+OPENLOG+15931 MB+DS3231+BME280+PMSX003A+PMSX003B,74,31,41.45,1004.41,0.00,30128,31,577,578.28,994.66,1035.38,384.64,662.38,689.62,65535.00,25874.54,8629.72,413.46,52.74,17.50,599.11,1061.37,1084.32,398.87,706.97,722.26,65535.00,27266.32,9163.66,361.05,39.50,4.95
2018/05/30T20:26:45z,2c:3a:e8:48:cc:90,2.50i,2.0+OPENLOG+15931 MB+DS3231+BME280+PMSX003A+PMSX003B,75,30,41.47,1004.49,0.00,29696,31,657,573.06,951.76,994.66,381.14,633.74,662.34,65535.00,25418.88,7943.78,397.80,52.28,16.16,589.54,1027.95,1066.26,392.38,684.64,710.00,65535.00,26728.03,8630.26,382.05,66.05,11.13
2018/05/30T20:28:04z,2c:3a:e8:48:cc:90,2.50i,2.0+OPENLOG+15931 MB+DS3231+BME280+PMSX003A+PMSX003B,75,30,41.47,1004.50,0.00,29696,31,737,564.38,919.84,952.52,375.54,612.38,634.30,65535.00,25014.38,7383.50,367.92,44.74,12.74,578.05,985.49,1011.41,384.76,656.17,673.46,65535.00,26178.39,8115.66,287.20,45.37,6.17
2018/05/30T20:29:24z,2c:3a:e8:48:cc:90,2.50i,2.0+OPENLOG+15931 MB+DS3231+BME280+PMSX003A+PMSX003B,76,30,42.33,1004.48,0.00,30128,31,817,553.45,884.53,909.12,368.04,588.94,605.37,65535.00,24559.18,7034.10,298.80,34.24,7.14,569.44,950.34,964.44,378.95,632.71,642.00,65535.00,25727.83,7707.10,254.76,24.66,2.66
2018/05/30T20:30:44z,2c:3a:e8:48:cc:90,2.50i,2.0+OPENLOG+15931 MB+DS3231+BME280+PMSX003A+PMSX003B,76,30,42.33,1004.39,0.00,30128,31,897,539.96,855.28,881.76,359.12,569.60,587.18,65535.00,24120.00,6747.90,277.60,34.46,10.08,560.49,928.32,943.34,373.05,618.07,627.95,65535.00,25328.66,7350.93,256.20,25.51,4.27
2018/05/30T20:32:04z,2c:3a:e8:48:cc:90,2.50i,2.0+OPENLOG+15931 MB+DS3231+BME280+PMSX003A+PMSX003B,76,29,41.45,1004.39,0.00,29640,31,977,528.22,827.32,860.00,351.54,550.74,572.54,65535.00,23594.04,6315.42,282.82,45.52,8.60,541.95,887.42,906.03,360.67,590.62,603.12,65535.00,24536.47,7007.60,248.90,31.40,6.47
2018/05/30T20:33:23z,2c:3a:e8:48:cc:90,2.50i,2.0+OPENLOG+15931 MB+DS3231+BME280+PMSX003A+PMSX003B,77,29,42.32,1004.33,0.00,29696,31,1057,521.76,798.16,821.98,347.22,531.50,547.24,65535.00,23195.80,5875.40,251.80,32.14,5.70,536.85,857.63,873.56,357.32,570.78,581.59,65535.00,24403.22,6578.41,192.85,27.66,3.73
2018/05/30T20:34:43z,2c:3a:e8:48:cc:90,2.50i,2.0+OPENLOG+15931 MB+DS3231+BME280+PMSX003A+PMSX003B,77,29,42.32,1004.32,0.00,30128,31,1137,507.44,770.32,793.86,337.56,512.90,528.48,65535.00,22613.40,5676.18,252.80,30.08,4.88,528.92,831.50,845.80,352.20,553.20,562.85,65535.00,23896.28,6192.50,210.95,24.85,2.90
2018/05/30T20:36:03z,2c:3a:e8:48:cc:90,2.50i,2.0+OPENLOG+15931 MB+DS3231+BME280+PMSX003A+PMSX003B,77,29,42.32,1004.34,0.00,30128,31,1217,491.12,737.00,760.37,326.69,490.69,506.15,65535.00,22047.63,5348.02,229.00,32.25,7.21,511.81,799.90,814.29,340.62,532.21,541.79,65535.00,23212.88,5828.14,194.79,24.48,4.19
2018/05/30T20:37:22z,2c:3a:e8:48:cc:90,2.50i,2.0+OPENLOG+15931 MB+DS3231+BME280+PMSX003A+PMSX003B,77,29,42.32,1004.34,0.00,29944,31,1297,480.02,721.74,741.98,319.16,480.58,494.04,65535.00,21609.86,5096.48,232.84,25.86,9.40,507.45,778.55,798.11,337.74,518.32,531.24,65535.00,22868.11,5545.97,204.71,32.87,7.00
2018/05/30T20:38:42z,2c:3a:e8:48:cc:90,2.50i,2.0+OPENLOG+15931 MB+DS3231+BME280+PMSX003A+PMSX003B,78,28,42.26,1004.31,0.00,29696,31,1377,470.29,692.20,717.12,312.78,460.67,477.39,65535.00,21040.21,4803.94,219.31,33.98,9.47,489.72,743.15,761.18,325.69,494.64,506.62,65535.00,22149.62,5274.13,198.74,31.62,3.59
2018/05/30T20:40:02z,2c:3a:e8:48:cc:90,2.50i,2.0+OPENLOG+15931 MB+DS3231+BME280+PMSX003A+PMSX003B,78,28,42.26,1004.24,0.00,29672,31,1457,454.77,668.42,691.17,302.40,444.83,460.04,65528.81,20619.65,4627.83,189.85,31.19,10.90,477.82,719.38,732.13,317.62,479.05,487.51,65535.00,21696.95,4927.41,181.00,21.49,4.23
2018/05/30T20:41:21z,2c:3a:e8:48:cc:90,2.50i,2.0+OPENLOG+15931 MB+DS3231+BME280+PMSX003A+PMSX003B,78,28,42.26,1004.23,0.00,30128,31,1537,447.80,645.30,662.52,297.88,429.50,440.98,65164.50,20216.12,4341.42,188.22,21.64,7.22,464.59,693.63,704.10,308.78,461.76,468.80,65535.00,21200.61,4683.66,154.41,17.63,3.49
2018/05/30T20:42:41z,2c:3a:e8:48:cc:90,2.50i,2.0+OPENLOG+15931 MB+DS3231+BME280+PMSX003A+PMSX003B,78,28,42.26,1004.27,0.00,30128,31,1617,433.43,622.45,643.43,288.31,414.10,428.20,63725.27,19666.29,4094.88,171.65,31.10,6.88,454.29,668.95,683.22,302.24,445.27,454.63,64541.20,20555.20,4513.10,147.00,24.46,4.24
2018/05/30T20:44:01z,2c:3a:e8:48:cc:90,2.50i,2.0+OPENLOG+15931 MB+DS3231+BME280+PMSX003A+PMSX003B,78,28,42.26,1004.20,0.00,29696,31,1697,422.96,604.47,625.16,281.24,402.10,415.94,62276.33,19261.41,3878.57,180.45,28.22,9.96,442.60,654.00,663.20,294.35,435.23,441.42,63598.73,20201.65,4319.65,151.32,16.10,2.30
2018/05/30T20:45:21z,2c:3a:e8:48:cc:90,2.50i,2.0+OPENLOG+15931 MB+DS3231+BME280+PMSX003A+PMSX003B,79,28,43.12,1004.22,0.00,29696,31,1777,413.94,578.84,595.59,275.29,385.22,396.33,61146.67,18748.84,3703.96,151.67,22.96,9.29,429.92,634.95,644.92,285.97,422.59,429.23,62150.46,19781.90,4147.36,140.74,16.15,4.85
2018/05/30T20:46:40z,2c:3a:e8:48:cc:90,2.50i,2.0+OPENLOG+15931 MB+DS3231+BME280+PMSX003A+PMSX003B,79,28,43.12,1004.25,0.00,30128,31,1857,403.27,551.82,569.98,267.86,366.98,379.16,59611.90,18213.82,3352.86,141.00,26.80,6.39,423.49,609.21,620.97,281.41,405.69,413.54,61051.85,19413.79,3926.00,123.67,21.03,1.90
2018/05/30T20:48:00z,2c:3a:e8:48:cc:90,2.50i,2.0+OPENLOG+15931 MB+DS3231+BME280+PMSX003A+PMSX003B,79,28,43.12,1004.18,0.00,30128,31,1937,393.65,544.25,558.65,261.60,361.92,371.52,58154.31,17796.88,3275.52,154.17,18.60,5.25,410.02,585.56,597.00,272.59,389.73,397.32,59079.80,18714.05,3750.22,117.54,19.93,2.15
2018/05/30T20:49:20z,2c:3a:e8:48:cc:90,2.50i,2.0+OPENLOG+15931 MB+DS3231+BME280+PMSX003A+PMSX003B,79,28,43.12,1004.18,0.00,29592,31,2017,377.83,529.77,542.56,251.12,352.38,360.79,57001.87,17345.31,3252.58,156.27,14.02,3.17,401.78,572.54,577.76,267.12,381.15,384.59,58311.66,18421.24,3510.56,114.93,8.46,2.98
2018/05/30T20:50:39z,2c:3a:e8:48:cc:90,2.50i,2.0+OPENLOG+15931 MB+DS3231+BME280+PMSX003A+PMSX003B,79,27,42.17,1004.17,0.00,29696,31,2097,368.04,511.35,525.83,244.54,340.10,349.50,55864.19,16975.81,3138.33,124.50,19.56,7.17,381.38,541.92,547.64,253.56,360.64,364.41,55684.69,17530.21,3362.38,109.13,9.05,2.64
2018/05/30T20:51:59z,2c:3a:e8:48:cc:90,2.50i,2.0+OPENLOG+15931 MB+DS3231+BME280+PMSX003A+PMSX003B,79,27,42.17,1004.17,0.00,30128,31,2177,359.69,492.96,507.21,239.12,327.79,337.44,54249.31,16429.94,2918.48,129.83,19.87,6.19,375.38,537.92,541.90,249.51,357.69,360.54,54809.77,17263.95,3361.85,114.82,6.59,2.82
2018/05/30T20:53:19z,2c:3a:e8:48:cc:90,2.50i,2.0+OPENLOG+15931 MB+DS3231+BME280+PMSX003A+PMSX003B,79,27,42.17,1004.09,0.00,29944,31,2257,347.58,477.96,487.52,231.06,317.94,324.46,52715.62,15966.35,2833.88,124.46,12.40,4.79,363.69,507.85,512.62,241.69,337.92,341.15,53207.54,16721.46,3074.92,83.54,7.85,2.38
2018/05/30T20:55:02z,2c:3a:e8:48:cc:90,2.50i,2.0+OPENLOG+15931 MB+DS3231+BME280+PMSX003A+PMSX003B,79,27,42.17,1004.01,0.00,30128,31,23,237.00,327.00,350.00,157.00,217.00,233.00,0.00,0.00,0.00,0.00,0.00,0.00,289.00,399.00,404.00,192.00,265.00,268.50,0.00,0.00,0.00,0.00,0.00,0.00
2018/05/30T20:56:16z,2c:3a:e8:48:cc:90,2.50i,2.0+OPENLOG+15931 MB+DS3231+BME280+PMSX003A+PMSX003B,79,27,42.17,1004.06,0.00,30128,31,97,320.47,434.05,443.16,212.84,288.47,294.74,48750.70,14711.60,2491.81,100.47,12.37,4.63,334.97,465.08,471.57,222.43,309.08,313.46,48822.41,15405.46,2782.59,76.81,10.41,3.05
2018/05/30T20:57:36z,2c:3a:e8:48:cc:90,2.50i,2.0+OPENLOG+15931 MB+DS3231+BME280+PMSX003A+PMSX003B,79,27,42.17,1004.06,0.00,30128,31,177,314.08,423.31,433.44,208.69,281.54,288.23,48713.44,14621.81,2451.25,95.12,12.50,5.06,333.87,464.87,474.33,221.87,309.23,315.49,49230.62,15374.36,2760.31,98.82,15.85,4.38
2018/05/30T20:58:55z,2c:3a:e8:48:cc:90,2.50i,2.0+OPENLOG+15931 MB+DS3231+BME280+PMSX003A+PMSX003B,79,27,42.17,1004.04,0.00,29640,31,257,304.74,410.30,419.47,202.47,272.77,278.83,47730.19,14225.13,2337.72,88.00,11.81,4.57,325.63,451.53,458.13,216.16,300.08,304.53,48262.89,15128.71,2645.11,76.84,11.29,2.39
2018/05/30T21:00:15z,2c:3a:e8:48:cc:90,2.50i,2.0+OPENLOG+15931 MB+DS3231+BME280+PMSX003A+PMSX003B,79,27,42.17,1004.05,0.00,29592,31,337,295.19,391.77,402.70,196.17,260.23,267.60,45962.62,13684.98,2143.04,101.40,14.79,3.87,316.54,432.28,441.72,210.36,287.41,294.03,47008.08,14658.67,2476.13,82.87,15.87,3.36
2018/05/30T21:01:35z,2c:3a:e8:48:cc:90,2.50i,2.0+OPENLOG+15931 MB+DS3231+BME280+PMSX003A+PMSX003B,79,26,41.19,1004.02,0.00,29672,31,417,267.07,353.24,359.47,177.44,234.80,238.87,42074.73,12491.64,1897.09,81.24,8.58,1.51,284.97,384.79,390.08,189.26,255.82,259.21,42590.85,13219.64,2149.77,60.41,8.08,3.26
2018/05/30T21:02:54z,2c:3a:e8:48:cc:90,2.50i,2.0+OPENLOG+15931 MB+DS3231+BME280+PMSX003A+PMSX003B,79,25,40.18,1004.02,0.00,30128,31,497,239.28,316.51,323.45,158.74,210.17,214.96,37873.53,11192.96,1673.49,82.19,8.85,3.74,259.33,346.67,351.83,171.97,230.36,233.94,39063.17,12106.53,1887.00,52.75,8.39,2.61
2018/05/30T21:04:14z,2c:3a:e8:48:cc:90,2.50i,2.0+OPENLOG+15931 MB+DS3231+BME280+PMSX003A+PMSX003B,79,24,39.13,1004.01,0.00,30128,31,577,214.42,281.00,287.58,142.29,186.60,191.04,34464.06,10080.75,1472.04,58.15,8.85,3.62,231.33,309.08,314.31,153.42,205.47,209.00,35170.83,10840.06,1658.83,49.72,8.78,1.94
2018/05/30T21:05:34z,2c:3a:e8:48:cc:90,2.50i,2.0+OPENLOG+15931 MB+DS3231+BME280+PMSX003A+PMSX003B,79,23,38.04,1003.98,0.00,29696,31,657,193.19,250.43,255.55,128.15,166.15,169.55,31024.28,9090.85,1259.21,56.81,7.98,1.77,207.86,279.56,284.56,137.81,185.56,189.06,32150.67,9867.36,1484.03,52.06,7.53,3.92
2018/05/30T21:06:54z,2c:3a:e8:48:cc:90,2.50i,2.0+OPENLOG+15931 MB+DS3231+BME280+PMSX003A+PMSX003B,80,23,38.88,1003.94,0.00,29512,31,737,183.68,241.27,247.57,121.70,160.07,164.34,29731.02,8727.48,1270.86,51.75,8.09,1.86,194.22,257.78,260.92,128.81,171.19,173.24,29879.68,9196.84,1386.41,34.92,5.16,2.11
2018/05/30T21:08:13z,2c:3a:e8:48:cc:90,2.50i,2.0+OPENLOG+15931 MB+DS3231+BME280+PMSX003A+PMSX003B,80,23,38.88,1004.02,0.00,30128,31,817,176.96,229.48,236.28,117.28,152.46,156.85,28747.50,8386.65,1171.28,49.74,8.30,3.41,187.38,250.89,254.76,123.89,166.41,169.05,29027.51,8933.32,1310.86,42.86,6.70,1.46
2018/05/30T21:09:33z,2c:3a:e8:48:cc:90,2.50i,2.0+OPENLOG+15931 MB+DS3231+BME280+PMSX003A+PMSX003B,80,23,38.88,1003.87,0.00,30128,31,897,171.30,221.68,226.52,113.36,147.23,150.41,27821.32,8139.25,1133.89,43.09,7.34,1.66,186.85,243.05,246.51,123.69,161.10,163.36,28788.54,8816.85,1200.79,40.28,5.41,1.90
2018/05/30T21:10:53z,2c:3a:e8:48:cc:90,2.50i,2.0+OPENLOG+15931 MB+DS3231+BME280+PMSX003A+PMSX003B,80,23,38.88,1003.91,0.00,29848,31,977,166.17,214.62,218.47,110.06,142.30,144.91,27322.40,7893.36,1069.49,48.83,4.34,1.98,171.51,231.97,236.43,113.65,153.89,156.81,26829.65,8226.97,1213.00,48.76,7.51,1.24
2018/05/30T21:12:12z,2c:3a:e8:48:cc:90,2.50i,2.0+OPENLOG+15931 MB+DS3231+BME280+PMSX003A+PMSX003B,80,23,38.88,1003.87,0.00,29696,31,1057,160.63,207.35,212.96,106.39,137.39,141.22,26418.72,7666.89,1030.37,49.74,8.26,2.02,172.17,221.94,226.86,114.11,147.22,150.50,26751.33,8138.69,1090.64,34.47,8.61,0.81
2018/05/30T21:13:32z,2c:3a:e8:48:cc:90,2.50i,2.0+OPENLOG+15931 MB+DS3231+BME280+PMSX003A+PMSX003B,80,23,38.88,1003.80,0.00,29672,31,1137,156.70,199.22,204.24,103.67,131.93,135.37,25731.78,7463.37,952.67,44.02,6.30,2.37,164.47,218.55,222.92,108.71,144.84,147.74,25656.71,7892.05,1128.53,41.84,7.66,0.95
2018/05/30T21:14:52z,2c:3a:e8:48:cc:90,2.50i,2.0+OPENLOG+15931 MB+DS3231+BME280+PMSX003A+PMSX003B,80,23,38.88,1003.83,0.00,30128,31,1217,149.70,194.40,198.23,99.04,128.70,131.32,24818.49,7188.55,927.32,50.28,4.83,1.62,159.54,210.11,215.54,105.43,139.14,142.69,25029.60,7670.94,1078.57,26.09,9.14,2.49
2018/05/30T21:16:11z,2c:3a:e8:48:cc:90,2.50i,2.0+OPENLOG+15931 MB+DS3231+BME280+PMSX003A+PMSX003B,80,23,38.88,1003.72,0.00,30128,31,1297,145.93,190.09,196.04,96.61,125.85,129.96,23978.09,6957.93,943.89,51.30,6.67,2.30,155.20,203.40,205.46,102.66,134.97,136.23,24057.26,7393.91,1018.06,24.40,3.80,0.71
2018/05/30T21:17:31z,2c:3a:e8:48:cc:90,2.50i,2.0+OPENLOG+15931 MB+DS3231+BME280+PMSX003A+PMSX003B,80,23,38.88,1003.72,0.00,29592,31,1377,141.67,183.00,186.98,93.60,121.24,123.84,23424.00,6790.44,919.16,39.11,5.78,1.89,149.16,194.22,196.03,98.76,128.81,130.05,23176.05,7058.84,972.86,29.03,2.89,1.30
2018/05/30T21:18:51z,2c:3a:e8:48:cc:90,2.50i,2.0+OPENLOG+15931 MB+DS3231+BME280+PMSX003A+PMSX003B,80,23,38.88,1003.74,0.00,29672,31,1457,141.28,179.40,182.32,93.49,118.94,120.79,23265.89,6724.49,892.55,34.53,4.28,1.13,145.44,187.94,190.06,96.25,124.50,126.03,22665.33,6897.39,893.78,28.75,3.94,1.00
2018/05/30T21:20:11z,2c:3a:e8:48:cc:90,2.50i,2.0+OPENLOG+15931 MB+DS3231+BME280+PMSX003A+PMSX003B,80,23,38.88,1003.70,0.00,30128,31,1537,134.30,169.06,171.83,88.89,112.00,113.91,21913.21,6359.15,826.04,29.30,4.19,1.51,141.67,183.56,185.46,93.85,121.67,122.90,22106.31,6702.72,920.82,21.18,3.36,0.46
2018/05/30T21:21:30z,2c:3a:e8:48:cc:90,2.50i,2.0+OPENLOG+15931 MB+DS3231+BME280+PMSX003A+PMSX003B,80,23,38.88,1003.69,0.00,30128,31,1617,130.11,166.18,169.58,85.96,110.04,112.38,21457.20,6179.89,832.13,34.27,4.04,0.51,138.38,178.08,181.65,91.57,118.00,120.49,21341.76,6542.86,856.08,29.11,5.59,2.00
2018/05/30T21:22:50z,2c:3a:e8:48:cc:90,2.50i,2.0+OPENLOG+15931 MB+DS3231+BME280+PMSX003A+PMSX003B,80,23,38.88,1003.74,0.00,29696,31,1697,125.53,159.20,162.38,83.00,105.42,107.62,20703.73,5993.20,779.33,32.80,4.04,1.11,131.36,171.22,173.72,86.97,113.47,115.03,20681.75,6320.42,841.11,23.61,4.17,1.39
2018/05/30T21:24:10z,2c:3a:e8:48:cc:90,2.50i,2.0+OPENLOG+15931 MB+DS3231+BME280+PMSX003A+PMSX003B,80,23,38.88,1003.70,0.00,29696,31,1777,122.59,154.33,156.20,80.91,102.07,103.41,20234.22,5843.04,731.17,22.96,2.74,1.33,127.86,164.92,167.32,84.51,109.19,110.89,20072.19,6120.05,792.27,23.89,3.68,1.51
2018/05/30T21:25:29z,2c:3a:e8:48:cc:90,2.50i,2.0+OPENLOG+15931 MB+DS3231+BME280+PMSX003A+PMSX003B,80,23,38.88,1003.70,0.00,30128,31,1857,116.86,148.02,151.36,77.16,98.07,100.20,19648.29,5653.59,722.11,22.34,4.02,1.55,127.94,161.67,163.97,84.75,107.11,108.53,19827.17,6081.11,743.75,17.89,4.11,0.69
2018/05/30T21:26:49z,2c:3a:e8:48:cc:90,2.50i,2.0+OPENLOG+15931 MB+DS3231+BME280+PMSX003A+PMSX003B,80,23,38.88,1003.72,0.00,30128,31,1937,113.70,143.26,146.43,74.96,94.80,96.93,18838.30,5427.89,663.65,31.37,4.00,1.59,118.49,155.38,156.92,78.30,102.81,103.73,18820.62,5714.84,765.38,21.22,2.30,1.24
2018/05/30T21:28:09z,2c:3a:e8:48:cc:90,2.50i,2.0+OPENLOG+15931 MB+DS3231+BME280+PMSX003A+PMSX003B,80,23,38.88,1003.74,0.00,29848,31,2017,108.68,135.11,138.20,71.82,89.41,91.36,17963.39,5163.75,645.59,23.52,4.23,1.34,118.03,151.00,152.32,78.03,99.95,100.89,18449.92,5638.16,727.37,16.82,2.16,0.47
2018/05/30T21:29:28z,2c:3a:e8:48:cc:90,2.50i,2.0+OPENLOG+15931 MB+DS3231+BME280+PMSX003A+PMSX003B,80,23,38.88,1003.72,0.00,29592,31,2097,105.60,134.29,135.82,69.62,88.76,89.80,17783.13,5110.40,647.40,19.42,2.27,0.49,114.50,146.36,148.36,75.64,96.97,98.19,17929.33,5442.72,707.86,21.08,3.31,0.56
2018/05/30T21:30:48z,2c:3a:e8:48:cc:90,2.50i,2.0+OPENLOG+15931 MB+DS3231+BME280+PMSX003A+PMSX003B,80,23,38.88,1003.71,0.00,29672,31,2177,104.07,130.82,133.84,68.42,86.24,88.29,17588.87,5038.84,627.53,21.11,4.09,1.84,111.59,144.22,146.65,73.70,95.43,97.14,17493.81,5349.24,692.27,20.78,4.22,1.30
2018/05/30T21:32:08z,2c:3a:e8:48:cc:90,2.50i,2.0+OPENLOG+15931 MB+DS3231+BME280+PMSX003A+PMSX003B,80,23,38.88,1003.67,0.00,30128,31,2257,100.93,128.70,130.73,66.43,85.00,86.39,17009.25,4897.20,608.77,23.95,2.77,2.02,106.84,136.43,137.86,70.62,90.24,91.30,16813.78,5090.35,643.32,19.49,2.14,0.73
2018/05/30T21:33:52z,2c:3a:e8:48:cc:90,2.50i,2.0+OPENLOG+15931 MB+DS3231+BME280+PMSX003A+PMSX003B,80,23,38.88,1003.67,0.00,29672,31,24,79.00,93.00,93.00,52.00,61.00,70.00,0.00,0.00,0.00,0.00,0.00,0.00,86.00,97.50,97.50,56.50,64.50,71.50,0.00,0.00,0.00,0.00,0.00,0.00
2018/05/30T21:35:05z,2c:3a:e8:48:cc:90,2.50i,2.0+OPENLOG+15931 MB+DS3231+BME280+PMSX003A+PMSX003B,80,23,38.88,1003.62,0.00,30128,31,97,91.05,111.79,113.92,59.82,73.49,77.51,15294.77,4366.26,478.00,15.72,3.13,1.64,95.09,120.26,121.20,62.51,79.20,80.71,15095.74,4592.26,576.97,15.11,1.77,0.77
2018/05/30T21:36:25z,2c:3a:e8:48:cc:90,2.50i,2.0+OPENLOG+15931 MB+DS3231+BME280+PMSX003A+PMSX003B,80,23,38.88,1003.60,0.00,30128,31,177,91.00,113.35,115.78,59.89,74.83,78.09,15415.50,4406.96,511.74,19.26,3.02,0.87,98.36,124.64,126.00,64.64,82.46,83.28,15457.92,4701.26,591.79,15.23,2.21,0.62
2018/05/30T21:37:44z,2c:3a:e8:48:cc:90,2.50i,2.0+OPENLOG+15931 MB+DS3231+BME280+PMSX003A+PMSX003B,80,23,38.88,1003.61,0.00,30128,31,257,87.68,109.34,111.32,57.75,72.11,76.68,14826.82,4254.93,509.61,15.09,2.77,1.68,94.42,120.33,121.78,62.11,79.44,80.67,14848.42,4517.86,575.92,17.44,2.50,0.53
2018/05/30T21:39:04z,2c:3a:e8:48:cc:90,2.50i,2.0+OPENLOG+15931 MB+DS3231+BME280+PMSX003A+PMSX003B,80,23,38.88,1003.60,0.00,29592,31,337,84.43,105.57,107.07,55.61,69.64,75.36,14293.36,4100.09,470.45,16.86,1.98,0.57,90.61,115.69,118.39,59.75,76.39,79.14,14377.33,4386.56,545.81,17.28,4.33,1.42
2018/05/30T21:40:24z,2c:3a:e8:48:cc:90,2.50i,2.0+OPENLOG+15931 MB+DS3231+BME280+PMSX003A+PMSX003B,80,23,38.88,1003.58,0.00,29696,31,417,83.05,104.20,106.59,54.68,68.70,74.98,14124.27,4032.82,476.16,22.25,3.43,1.43,91.42,115.19,116.25,60.17,75.97,78.22,14521.58,4417.03,528.19,14.61,1.64,0.36
2018/05/30T21:41:43z,2c:3a:e8:48:cc:90,2.50i,2.0+OPENLOG+15931 MB+DS3231+BME280+PMSX003A+PMSX003B,80,23,38.88,1003.62,0.00,30128,31,497,79.84,101.52,102.95,52.50,67.00,73.70,13552.98,3885.02,464.32,22.25,2.16,1.43,86.19,110.83,112.14,56.56,73.03,76.69,13628.25,4177.08,517.25,15.83,2.25,0.44
2018/05/30T21:43:03z,2c:3a:e8:48:cc:90,2.50i,2.0+OPENLOG+15931 MB+DS3231+BME280+PMSX003A+PMSX003B,80,23,38.88,1003.61,0.00,30128,31,577,79.11,98.75,99.82,52.09,65.11,72.64,13478.80,3828.57,451.39,13.84,1.39,0.57,83.32,106.08,107.81,54.81,70.08,75.35,13265.59,4037.43,498.76,12.57,2.97,0.89
2018/05/30T21:44:23z,2c:3a:e8:48:cc:90,2.50i,2.0+OPENLOG+15931 MB+DS3231+BME280+PMSX003A+PMSX003B,81,23,39.72,1003.60,0.00,29592,31,657,75.66,95.18,96.68,49.66,62.80,71.25,12896.05,3684.77,440.00,15.09,1.82,0.98,81.92,105.64,107.56,54.00,69.79,75.41,12970.46,3959.26,463.67,22.85,2.87,0.74
2018/05/30T21:45:43z,2c:3a:e8:48:cc:90,2.50i,2.0+OPENLOG+15931 MB+DS3231+BME280+PMSX003A+PMSX003B,81,23,39.72,1003.59,0.00,29696,31,737,74.36,92.76,94.11,48.87,61.13,70.49,12664.87,3606.98,412.40,15.16,2.04,0.64,79.66,101.46,102.17,52.31,66.94,73.34,12682.80,3848.20,467.63,12.34,1.20,0.69
2018/05/30T21:47:02z,2c:3a:e8:48:cc:90,2.50i,2.0+OPENLOG+15931 MB+DS3231+BME280+PMSX003A+PMSX003B,81,23,39.72,1003.63,0.00,30128,31,817,72.00,88.64,89.89,47.20,58.50,68.66,12095.59,3468.39,411.36,10.93,1.59,0.25,75.75,97.00,98.14,49.69,64.06,71.92,12227.58,3689.81,466.50,9.06,1.78,0.64
2018/05/30T21:48:22z,2c:3a:e8:48:cc:90,2.50i,2.0+OPENLOG+15931 MB+DS3231+BME280+PMSX003A+PMSX003B,81,23,39.72,1003.62,0.00,30128,31,897,71.04,88.53,91.00,46.67,58.20,68.96,12062.40,3455.56,401.27,15.44,3.27,1.80,73.97,92.63,93.89,48.42,60.92,70.26,11848.42,3585.45,417.74,9.08,1.82,0.95
2018/05/30T21:49:42z,2c:3a:e8:48:cc:90,2.50i,2.0+OPENLOG+15931 MB+DS3231+BME280+PMSX003A+PMSX003B,81,23,39.72,1003.65,0.00,29848,31,977,67.76,84.89,86.62,44.69,55.87,67.09,11663.33,3301.33,391.36,15.47,2.38,1.33,70.68,88.39,89.24,46.24,58.16,68.18,11242.42,3425.66,389.84,9.13,1.53,0.95
2018/05/30T21:51:01z,2c:3a:e8:48:cc:90,2.50i,2.0+OPENLOG+15931 MB+DS3231+BME280+PMSX003A+PMSX003B,81,23,39.72,1003.67,0.00,29592,31,1057,66.14,82.45,83.24,43.50,54.57,65.83,11248.50,3208.24,380.24,14.98,1.33,0.36,69.92,89.33,91.11,45.78,58.75,69.08,11331.50,3422.61,403.22,13.42,2.81,0.33
2018/05/30T21:52:21z,2c:3a:e8:48:cc:90,2.50i,2.0+OPENLOG+15931 MB+DS3231+BME280+PMSX003A+PMSX003B,81,23,39.72,1003.61,0.00,30128,31,1137,64.05,80.32,82.09,42.05,53.43,65.14,10979.11,3140.73,369.70,12.48,2.59,0.86,68.47,88.00,89.69,45.00,57.78,68.31,11082.17,3366.44,407.25,12.89,2.64,1.17
2018/05/30T21:53:41z,2c:3a:e8:48:cc:90,2.50i,2.0+OPENLOG+15931 MB+DS3231+BME280+PMSX003A+PMSX003B,81,23,39.72,1003.66,0.00,30128,31,1217,62.43,78.00,79.30,41.02,52.18,63.75,10802.25,3059.00,358.55,15.75,2.02,0.55,64.92,82.33,83.83,42.39,54.39,65.69,10519.08,3181.42,380.72,10.97,2.25,0.94
2018/05/30T21:55:00z,2c:3a:e8:48:cc:90,2.50i,2.0+OPENLOG+15931 MB+DS3231+BME280+PMSX003A+PMSX003B,81,23,39.72,1003.53,0.00,30128,31,1297,61.55,75.43,76.62,40.21,51.33,62.67,10570.21,2986.43,328.95,10.79,1.74,0.48,64.89,82.75,83.39,42.47,54.61,65.92,10471.25,3172.11,373.92,9.53,1.19,0.47
2018/05/30T21:56:20z,2c:3a:e8:48:cc:90,2.50i,2.0+OPENLOG+15931 MB+DS3231+BME280+PMSX003A+PMSX003B,81,23,39.72,1003.56,0.00,29592,31,1377,60.35,75.61,76.78,39.57,51.54,62.67,10357.37,2944.28,353.98,11.07,1.61,0.74,62.76,76.62,77.00,41.27,51.95,62.89,9868.46,2991.78,350.65,5.38,0.68,0.47
2018/05/30T21:57:40z,2c:3a:e8:48:cc:90,2.50i,2.0+OPENLOG+15931 MB+DS3231+BME280+PMSX003A+PMSX003B,81,23,39.72,1003.49,0.00,30128,31,1457,58.09,70.78,71.72,37.93,49.76,60.39,9841.50,2824.87,311.15,8.91,1.17,0.52,60.66,76.60,77.51,39.60,51.66,62.86,9811.03,2973.43,344.14,8.91,1.49,0.66
2018/05/30T21:59:00z,2c:3a:e8:48:cc:90,2.50i,2.0+OPENLOG+15931 MB+DS3231+BME280+PMSX003A+PMSX003B,81,23,39.72,1003.44,0.00,30128,31,1537,55.36,68.10,68.45,36.19,48.55,58.57,9563.29,2714.12,321.62,5.74,0.48,0.26,57.72,74.58,75.89,37.75,50.97,62.19,9318.67,2821.67,342.53,10.64,2.44,0.03
2018/05/30T22:00:19z,2c:3a:e8:48:cc:90,2.50i,2.0+OPENLOG+15931 MB+DS3231+BME280+PMSX003A+PMSX003B,81,23,39.72,1003.45,0.00,30128,31,1617,54.02,66.00,67.52,35.45,48.05,58.09,9274.70,2636.82,304.64,6.80,2.18,1.14,56.92,70.87,71.89,37.37,49.71,60.39,9110.61,2777.08,316.34,6.71,1.47,0.29
2018/05/30T22:01:39z,2c:3a:e8:48:cc:90,2.50i,2.0+OPENLOG+15931 MB+DS3231+BME280+PMSX003A+PMSX003B,81,23,39.72,1003.46,0.00,29696,31,1697,53.20,65.14,66.16,35.14,47.57,57.30,9250.36,2603.30,272.25,8.36,1.55,0.82,54.39,68.26,69.26,35.63,48.87,59.16,8845.34,2659.05,307.05,6.13,1.55,1.05
2018/05/30T22:02:59z,2c:3a:e8:48:cc:90,2.50i,2.0+OPENLOG+15931 MB+DS3231+BME280+PMSX003A+PMSX003B,81,23,39.72,1003.46,0.00,29696,31,1777,51.49,65.00,65.98,34.30,47.53,57.33,8959.26,2550.02,299.86,8.65,1.05,0.56,54.03,68.06,69.08,35.44,48.89,59.08,8732.58,2641.50,297.47,10.36,1.86,0.25
2018/05/30T22:04:18z,2c:3a:e8:48:cc:90,2.50i,2.0+OPENLOG+15931 MB+DS3231+BME280+PMSX003A+PMSX003B,81,23,39.72,1003.39,0.00,30128,31,1857,50.16,61.73,62.24,34.00,46.18,55.29,8615.67,2455.69,272.84,7.89,0.60,0.33,51.36,63.33,63.53,34.25,46.83,55.94,8341.75,2486.19,269.58,4.67,0.31,0.31
2018/05/30T22:05:38z,2c:3a:e8:48:cc:90,2.50i,2.0+OPENLOG+15931 MB+DS3231+BME280+PMSX003A+PMSX003B,81,23,39.72,1003.44,0.00,30128,31,1937,46.63,59.56,60.60,32.81,45.44,54.33,8115.91,2293.51,264.14,12.19,1.40,0.65,51.19,63.54,64.16,34.24,46.89,56.22,8269.38,2499.70,284.73,6.51,0.89,0.30
2018/05/30T22:06:58z,2c:3a:e8:48:cc:90,2.50i,2.0+OPENLOG+15931 MB+DS3231+BME280+PMSX003A+PMSX003B,81,23,39.72,1003.47,0.00,29696,31,2017,48.07,58.70,60.14,33.27,45.00,54.09,8250.55,2343.34,264.48,7.45,2.16,0.70,51.39,65.39,66.05,34.47,47.66,57.53,8273.68,2515.87,307.39,6.87,0.95,0.32
2018/05/30T22:08:17z,2c:3a:e8:48:cc:90,2.50i,2.0+OPENLOG+15931 MB+DS3231+BME280+PMSX003A+PMSX003B,81,23,39.72,1003.44,0.00,29696,31,2097,45.07,55.53,56.38,32.13,43.69,51.84,7900.07,2229.53,229.98,8.40,0.84,0.71,48.68,61.78,62.43,33.30,46.08,55.14,7891.70,2420.22,285.14,5.49,0.84,0.65
2018/05/30T22:09:37z,2c:3a:e8:48:cc:90,2.50i,2.0+OPENLOG+15931 MB+DS3231+BME280+PMSX003A+PMSX003B,81,23,39.72,1003.40,0.00,30128,31,2177,44.62,55.58,56.47,31.89,43.78,51.73,7832.00,2217.56,238.80,9.40,1.11,0.42,47.32,59.57,60.51,33.00,45.41,54.30,7646.27,2306.22,272.57,8.70,1.43,0.16
2018/05/30T22:10:57z,2c:3a:e8:48:cc:90,2.50i,2.0+OPENLOG+15931 MB+DS3231+BME280+PMSX003A+PMSX003B,81,23,39.72,1003.30,0.00,30128,31,2257,43.32,53.14,54.43,31.45,42.77,50.52,7429.30,2115.32,229.98,8.50,1.91,1.32,45.22,55.95,57.05,32.19,43.95,52.22,7397.51,2238.97,249.24,7.65,1.89,0.54
2018/05/30T22:12:40z,2c:3a:e8:48:cc:90,2.50i,2.0+OPENLOG+15931 MB+DS3231+BME280+PMSX003A+PMSX003B,81,23,39.72,1003.40,0.00,29672,31,23,30.00,35.00,35.00,26.00,33.00,35.00,0.00,0.00,0.00,0.00,0.00,0.00,34.00,44.00,44.50,27.50,38.50,44.00,0.00,0.00,0.00,0.00,0.00,0.00
2018/05/30T22:13:54z,2c:3a:e8:48:cc:90,2.50i,2.0+OPENLOG+15931 MB+DS3231+BME280+PMSX003A+PMSX003B,81,23,39.72,1003.39,0.00,30128,31,97,38.92,46.80,47.33,29.63,39.38,45.83,6693.83,1875.05,204.35,4.82,0.60,0.17,40.71,50.85,51.24,30.21,41.38,48.53,6720.18,2032.65,229.18,4.47,0.91,0.29
2018/05/30T22:15:14z,2c:3a:e8:48:cc:90,2.50i,2.0+OPENLOG+15931 MB+DS3231+BME280+PMSX003A+PMSX003B,81,23,39.72,1003.34,0.00,30128,31,177,39.39,49.20,50.05,29.84,40.77,47.84,6895.64,1955.32,221.86,5.84,1.45,0.23,42.71,53.53,54.08,30.92,42.87,50.34,6899.45,2098.37,247.95,4.34,0.76,0.29
2018/05/30T22:16:33z,2c:3a:e8:48:cc:90,2.50i,2.0+OPENLOG+15931 MB+DS3231+BME280+PMSX003A+PMSX003B,81,23,39.72,1003.28,0.00,30128,31,257,37.91,47.02,47.24,29.24,39.76,46.20,6775.30,1910.89,206.50,3.85,0.24,0.24,39.83,48.78,49.33,30.14,40.50,47.64,6492.92,1942.06,216.58,5.03,0.94,0.03
2018/05/30T22:17:53z,2c:3a:e8:48:cc:90,2.50i,2.0+OPENLOG+15931 MB+DS3231+BME280+PMSX003A+PMSX003B,81,23,39.72,1003.28,0.00,29696,31,337,37.57,45.36,46.00,29.00,38.86,45.30,6471.14,1848.07,193.36,6.80,0.98,0.41,38.41,49.76,49.89,29.16,40.81,47.70,6552.97,1963.86,229.19,5.86,0.27,0.05
2018/05/30T22:19:13z,2c:3a:e8:48:cc:90,2.50i,2.0+OPENLOG+15931 MB+DS3231+BME280+PMSX003A+PMSX003B,81,23,39.72,1003.23,0.00,29672,31,417,36.82,45.32,45.68,28.41,38.93,45.16,6407.73,1806.68,209.86,5.50,0.11,0.11,37.14,46.70,46.78,28.62,39.62,45.76,6184.05,1853.00,221.08,3.86,0.16,0.16
2018/05/30T22:20:32z,2c:3a:e8:48:cc:90,2.50i,2.0+OPENLOG+15931 MB+DS3231+BME280+PMSX003A+PMSX003B,81,23,39.72,1003.25,0.00,30128,31,497,34.21,42.26,42.98,27.77,37.19,42.91,6023.37,1698.30,196.58,5.88,0.88,0.26,37.31,46.72,47.11,28.97,39.64,46.08,6116.75,1845.56,204.89,3.47,0.69,0.16
2018/05/30T22:21:52z,2c:3a:e8:48:cc:90,2.50i,2.0+OPENLOG+15931 MB+DS3231+BME280+PMSX003A+PMSX003B,81,23,39.72,1003.22,0.00,30128,31,577,33.86,40.95,41.32,27.50,36.32,41.32,6055.50,1702.05,175.00,2.98,0.70,0.25,38.21,46.00,46.28,29.33,39.15,45.67,6027.31,1851.23,201.95,3.79,0.49,0.16
2018/05/30T22:23:12z,2c:3a:e8:48:cc:90,2.50i,2.0+OPENLOG+15931 MB+DS3231+BME280+PMSX003A+PMSX003B,81,23,39.72,1003.22,0.00,29696,31,657,34.68,41.73,42.66,27.70,36.73,42.55,6021.68,1717.20,185.34,5.30,1.48,0.91,34.94,44.03,44.53,27.58,37.86,44.11,5803.50,1758.89,195.56,6.28,0.89,0.06
2018/05/30T22:24:31z,2c:3a:e8:48:cc:90,2.50i,2.0+OPENLOG+15931 MB+DS3231+BME280+PMSX003A+PMSX003B,81,23,39.72,1003.20,0.00,29696,31,737,32.73,40.09,40.70,27.20,35.75,40.70,5700.61,1615.95,180.98,6.30,0.80,0.36,33.05,39.87,40.08,26.79,35.55,40.03,5518.66,1641.71,159.47,4.63,0.42,0.06
2018/05/30T22:25:51z,2c:3a:e8:48:cc:90,2.50i,2.0+OPENLOG+15931 MB+DS3231+BME280+PMSX003A+PMSX003B,81,23,39.72,1003.23,0.00,30128,31,817,32.16,39.13,39.60,26.71,35.20,39.60,5643.13,1594.73,174.36,4.27,0.64,0.24,33.84,41.00,41.62,27.41,36.38,41.62,5560.14,1672.70,172.78,4.05,0.97,0.24
2018/05/30T22:27:11z,2c:3a:e8:48:cc:90,2.50i,2.0+OPENLOG+15931 MB+DS3231+BME280+PMSX003A+PMSX003B,81,23,39.72,1003.26,0.00,30128,31,897,30.30,36.75,37.45,25.77,33.82,37.45,5341.16,1505.89,168.80,4.39,0.91,0.18,33.78,41.97,42.16,27.57,37.00,42.16,5551.95,1672.24,183.73,2.81,0.30,0.11
2018/05/30T22:28:31z,2c:3a:e8:48:cc:90,2.50i,2.0+OPENLOG+15931 MB+DS3231+BME280+PMSX003A+PMSX003B,81,23,39.72,1003.12,0.00,29592,31,977,30.11,36.36,36.89,25.73,33.39,36.89,5354.86,1509.50,153.77,4.48,0.66,0.18,33.50,40.68,41.26,27.58,36.16,41.26,5496.16,1650.29,183.63,2.68,0.61,0.29
2018/05/30T22:29:50z,2c:3a:e8:48:cc:90,2.50i,2.0+OPENLOG+15931 MB+DS3231+BME280+PMSX003A+PMSX003B,81,23,39.72,1003.09,0.00,29696,31,1057,29.47,36.11,36.89,25.36,33.36,36.89,5231.87,1477.87,155.64,6.56,1.24,0.62,31.03,37.78,37.78,26.08,34.38,37.78,5159.51,1549.05,160.78,3.19,0.61,0.29
2018/05/30T22:31:10z,2c:3a:e8:48:cc:90,2.50i,2.0+OPENLOG+15931 MB+DS3231+BME280+PMSX003A+PMSX003B,81,23,39.72,1003.15,0.00,30128,31,1137,29.05,33.93,34.25,24.86,32.32,34.25,5077.16,1424.05,127.36,4.30,0.25,0.25,30.41,37.51,37.68,25.73,34.43,37.68,4883.11,1492.35,164.57,3.86,0.30,0.30
2018/05/30T22:32:30z,2c:3a:e8:48:cc:90,2.50i,2.0+OPENLOG+15931 MB+DS3231+BME280+PMSX003A+PMSX003B,81,23,39.72,1003.14,0.00,30128,31,1217,27.52,34.18,34.68,23.86,32.18,34.68,4886.39,1394.59,142.82,5.64,0.93,0.07,29.27,36.43,36.70,25.19,33.54,36.70,4819.46,1455.46,161.62,2.78,0.41,0.30
2018/05/30T22:33:49z,2c:3a:e8:48:cc:90,2.50i,2.0+OPENLOG+15931 MB+DS3231+BME280+PMSX003A+PMSX003B,81,23,39.72,1003.14,0.00,30128,31,1297,27.11,33.87,34.73,23.67,32.20,34.73,4887.20,1376.76,150.18,5.62,1.13,0.07,26.81,33.92,34.65,23.35,31.89,34.65,4583.43,1374.30,166.78,3.76,1.00,0.32
2018/05/30T22:35:09z,2c:3a:e8:48:cc:90,2.50i,2.0+OPENLOG+15931 MB+DS3231+BME280+PMSX003A+PMSX003B,81,23,39.72,1003.09,0.00,29592,31,1377,26.82,31.82,33.00,23.57,30.75,33.00,4663.09,1330.43,137.86,3.86,1.50,0.95,27.86,34.03,34.38,24.05,32.24,34.38,4584.65,1391.00,144.05,2.00,0.65,0.32
2018/05/30T22:36:29z,2c:3a:e8:48:cc:90,2.50i,2.0+OPENLOG+15931 MB+DS3231+BME280+PMSX003A+PMSX003B,81,23,39.72,1003.13,0.00,29672,31,1457,25.66,32.77,33.09,23.02,31.39,33.09,4598.66,1303.02,148.27,6.02,0.48,0.25,27.06,34.33,35.22,23.83,32.36,35.22,4503.08,1363.75,152.78,4.58,1.19,0.78
2018/05/30T22:37:48z,2c:3a:e8:48:cc:90,2.50i,2.0+OPENLOG+15931 MB+DS3231+BME280+PMSX003A+PMSX003B,81,23,39.72,1003.14,0.00,30128,31,1537,24.82,29.84,30.30,22.61,29.48,30.30,4306.64,1233.43,133.55,3.27,0.70,0.25,26.33,33.19,33.44,23.36,31.78,33.44,4340.00,1315.89,157.92,3.36,0.56,0.78
2018/05/30T22:39:08z,2c:3a:e8:48:cc:90,2.50i,2.0+OPENLOG+15931 MB+DS3231+BME280+PMSX003A+PMSX003B,81,23,39.72,1003.10,0.00,30128,31,1617,24.40,30.36,30.60,22.31,29.87,30.60,4273.87,1223.07,139.58,4.22,0.69,0.27,26.83,32.53,32.89,23.64,31.19,32.89,4485.08,1337.08,140.89,2.83,0.58,0.58
2018/05/30T22:40:28z,2c:3a:e8:48:cc:90,2.50i,2.0+OPENLOG+15931 MB+DS3231+BME280+PMSX003A+PMSX003B,81,23,39.72,1003.09,0.00,29696,31,1697,22.59,28.80,29.39,21.50,28.70,29.39,4153.98,1155.86,126.89,4.70,0.91,0.25,24.14,30.30,30.30,22.19,29.62,30.30,4045.38,1215.84,123.54,4.19,0.58,0.58
2018/05/30T22:41:48z,2c:3a:e8:48:cc:90,2.50i,2.0+OPENLOG+15931 MB+DS3231+BME280+PMSX003A+PMSX003B,81,23,39.72,1003.08,0.00,29672,31,1777,22.77,27.84,28.34,21.50,27.77,28.34,4099.02,1150.23,125.86,3.73,0.66,0.25,23.43,28.70,28.92,22.00,28.54,28.92,3963.16,1180.62,118.89,2.16,0.35,0.58
2018/05/30T22:43:07z,2c:3a:e8:48:cc:90,2.50i,2.0+OPENLOG+15931 MB+DS3231+BME280+PMSX003A+PMSX003B,81,23,39.72,1003.09,0.00,30128,31,1857,21.91,25.47,26.16,20.93,25.47,26.16,3969.60,1115.09,100.96,2.04,1.00,0.51,23.49,28.08,28.19,22.00,28.08,28.19,3794.27,1146.00,129.43,3.08,0.41,0.58
2018/05/30T22:44:27z,2c:3a:e8:48:cc:90,2.50i,2.0+OPENLOG+15931 MB+DS3231+BME280+PMSX003A+PMSX003B,81,23,39.72,1003.09,0.00,30128,31,1937,21.68,26.18,26.75,20.68,26.18,26.75,3861.14,1101.93,120.14,2.66,0.82,0.51,21.86,27.91,28.63,20.91,27.77,28.63,3704.14,1131.57,128.23,2.51,1.09,0.37
2018/05/30T22:45:47z,2c:3a:e8:48:cc:90,2.50i,2.0+OPENLOG+15931 MB+DS3231+BME280+PMSX003A+PMSX003B,81,23,39.72,1003.05,0.00,29696,31,2017,20.77,26.59,27.91,20.16,26.59,27.91,3902.80,1085.68,117.70,7.68,2.00,0.80,21.87,26.18,26.82,20.95,26.18,26.82,3636.55,1088.37,115.45,2.34,0.97,0.32
2018/05/30T22:47:06z,2c:3a:e8:48:cc:90,2.50i,2.0+OPENLOG+15931 MB+DS3231+BME280+PMSX003A+PMSX003B,81,23,39.72,1003.09,0.00,29512,31,2097,20.20,24.00,24.98,19.80,24.00,24.98,3744.82,1046.14,99.75,4.02,0.95,0.66,21.75,27.56,28.22,20.67,27.56,28.22,3573.17,1096.50,121.83,3.50,0.92,0.31
2018/05/30T22:48:26z,2c:3a:e8:48:cc:90,2.50i,2.0+OPENLOG+15931 MB+DS3231+BME280+PMSX003A+PMSX003B,81,23,39.72,1003.01,0.00,30128,31,2177,19.33,23.18,23.51,19.16,23.18,23.51,3527.87,995.76,82.04,3.33,0.42,0.66,21.92,26.97,27.38,20.86,26.95,27.38,3610.86,1099.30,122.11,2.89,0.68,0.31
2018/05/30T22:49:46z,2c:3a:e8:48:cc:90,2.50i,2.0+OPENLOG+15931 MB+DS3231+BME280+PMSX003A+PMSX003B,81,23,39.72,1002.98,0.00,30128,31,2257,20.16,24.14,24.50,19.82,24.14,24.50,3716.86,1041.25,98.82,1.86,0.50,0.25,20.08,25.33,25.36,19.53,25.33,25.36,3486.58,1029.53,116.69,3.89,0.08,0.31
2018/05/30T22:51:29z,2c:3a:e8:48:cc:90,2.50i,2.0+OPENLOG+15931 MB+DS3231+BME280+PMSX003A+PMSX003B,81,23,39.72,1002.89,0.00,30128,31,23,16.00,19.00,19.00,16.00,19.00,19.00,0.00,0.00,0.00,0.00,0.00,0.00,18.00,22.00,22.00,18.00,22.00,22.00,0.00,0.00,0.00,0.00,0.00,0.00
2018/05/30T22:52:43z,2c:3a:e8:48:cc:90,2.50i,2.0+OPENLOG+15931 MB+DS3231+BME280+PMSX003A+PMSX003B,81,23,39.72,1002.94,0.00,29672,31,97,18.59,22.10,22.38,18.59,22.10,22.38,3196.54,903.18,86.23,3.05,0.56,0.00,19.06,22.39,22.89,19.06,22.39,22.89,3201.92,955.53,90.00,2.67,1.17,0.47
2018/05/30T22:54:03z,2c:3a:e8:48:cc:90,2.50i,2.0+OPENLOG+15931 MB+DS3231+BME280+PMSX003A+PMSX003B,81,23,39.72,1002.91,0.00,30128,31,177,17.91,21.00,21.59,17.91,21.00,21.59,3204.14,916.45,85.27,3.23,0.91,0.43,17.95,23.46,24.89,17.95,23.46,24.89,3142.14,945.89,118.27,4.65,2.16,0.51
2018/05/30T22:55:22z,2c:3a:e8:48:cc:90,2.50i,2.0+OPENLOG+15931 MB+DS3231+BME280+PMSX003A+PMSX003B,81,23,39.72,1002.93,0.00,29640,31,257,18.09,21.69,21.84,18.09,21.69,21.84,3173.00,902.20,96.33,2.58,0.91,0.43,17.64,20.83,20.83,17.64,20.83,20.83,2943.50,878.94,85.14,1.17,2.16,0.51
2018/05/30T22:56:42z,2c:3a:e8:48:cc:90,2.50i,2.0+OPENLOG+15931 MB+DS3231+BME280+PMSX003A+PMSX003B,81,23,39.72,1002.96,0.00,29592,31,337,16.73,19.98,20.23,16.73,19.98,20.23,3066.55,854.57,82.32,1.86,0.25,0.43,16.31,21.69,22.00,16.31,21.69,22.00,2817.50,847.92,101.94,4.00,0.31,0.31
2018/05/30T22:58:02z,2c:3a:e8:48:cc:90,2.50i,2.0+OPENLOG+15931 MB+DS3231+BME280+PMSX003A+PMSX003B,81,23,39.72,1002.91,0.00,29672,31,417,15.18,18.64,18.98,15.18,18.64,18.98,2805.34,796.50,80.09,2.16,0.34,0.34,16.79,20.92,21.24,16.79,20.92,21.24,2846.29,858.45,92.74,1.50,0.39,0.39
2018/05/30T22:59:21z,2c:3a:e8:48:cc:90,2.50i,2.0+OPENLOG+15931 MB+DS3231+BME280+PMSX003A+PMSX003B,81,23,39.72,1002.93,0.00,30128,31,497,15.23,18.16,18.64,15.23,18.16,18.64,2827.84,783.59,67.34,2.82,0.43,0.43,17.68,21.35,22.22,17.68,21.35,22.22,2902.05,885.05,93.03,3.62,1.08,0.89
2018/05/30T23:00:41z,2c:3a:e8:48:cc:90,2.50i,2.0+OPENLOG+15931 MB+DS3231+BME280+PMSX003A+PMSX003B,81,23,39.72,1002.92,0.00,30128,31,577,15.32,19.07,19.82,15.32,19.07,19.82,2826.48,806.34,86.93,3.86,0.70,0.30,16.05,19.30,19.41,16.05,19.30,19.41,2728.46,817.54,85.41,0.57,0.19,0.89
2018/05/30T23:02:01z,2c:3a:e8:48:cc:90,2.50i,2.0+OPENLOG+15931 MB+DS3231+BME280+PMSX003A+PMSX003B,81,23,39.72,1002.88,0.00,29592,31,657,14.48,17.30,18.48,14.48,17.30,18.48,2690.32,747.27,72.82,3.89,1.07,0.52,17.03,21.08,21.30,17.03,21.08,21.30,2838.16,856.59,89.62,3.19,0.38,0.32
2018/05/30T23:03:20z,2c:3a:e8:48:cc:90,2.50i,2.0+OPENLOG+15931 MB+DS3231+BME280+PMSX003A+PMSX003B,81,23,39.72,1002.90,0.00,29488,31,737,13.98,17.02,17.02,13.98,17.02,17.02,2613.98,729.26,69.51,2.19,1.07,0.52,15.14,18.49,19.14,15.14,18.49,19.14,2565.57,775.86,77.92,3.65,0.84,0.35
2018/05/30T23:04:40z,2c:3a:e8:48:cc:90,2.50i,2.0+OPENLOG+15931 MB+DS3231+BME280+PMSX003A+PMSX003B,81,23,39.72,1002.90,0.00,30128,31,817,14.48,17.11,17.23,14.48,17.11,17.23,2656.70,737.68,85.59,1.73,1.07,0.52,15.03,19.13,19.74,15.03,19.13,19.74,2598.00,782.71,91.79,2.50,1.21,0.32
2018/05/30T23:06:00z,2c:3a:e8:48:cc:90,2.50i,2.0+OPENLOG+15931 MB+DS3231+BME280+PMSX003A+PMSX003B,81,23,39.72,1002.90,0.00,30128,31,897,13.91,16.64,16.64,13.91,16.64,16.64,2523.34,719.27,69.86,0.77,1.07,0.52,14.68,18.03,18.16,14.68,18.03,18.16,2497.46,755.97,80.59,2.70,0.22,0.32
2018/05/30T23:07:20z,2c:3a:e8:48:cc:90,2.50i,2.0+OPENLOG+15931 MB+DS3231+BME280+PMSX003A+PMSX003B,81,23,39.72,1002.86,0.00,29696,31,977,13.02,15.25,15.41,13.02,15.25,15.41,2352.68,661.43,64.68,1.84,1.07,0.52,14.38,17.03,17.03,14.38,17.03,17.03,2416.78,732.11,62.49,0.92,0.03,0.32
2018/05/30T23:08:39z,2c:3a:e8:48:cc:90,2.50i,2.0+OPENLOG+15931 MB+DS3231+BME280+PMSX003A+PMSX003B,81,23,39.72,1002.93,0.00,29696,31,1057,13.45,16.34,16.50,13.45,16.34,16.50,2451.89,699.66,78.39,1.68,1.07,0.52,13.89,16.59,16.86,13.89,16.59,16.86,2319.73,698.54,83.19,1.46,0.43,0.32
2018/05/30T23:09:59z,2c:3a:e8:48:cc:90,2.50i,2.0+OPENLOG+15931 MB+DS3231+BME280+PMSX003A+PMSX003B,81,23,39.72,1002.96,0.00,30128,31,1137,11.75,14.05,14.23,11.75,14.05,14.23,2258.93,623.00,60.89,1.02,0.32,0.52,13.74,16.39,16.68,13.74,16.39,16.68,2350.58,706.11,69.00,1.21,0.58,0.32
2018/05/30T23:11:19z,2c:3a:e8:48:cc:90,2.50i,2.0+OPENLOG+15931 MB+DS3231+BME280+PMSX003A+PMSX003B,81,23,39.72,1002.95,0.00,30128,31,1217,11.27,14.00,14.00,11.27,14.00,14.00,2123.18,602.27,64.68,1.25,0.32,0.52,12.72,14.86,14.86,12.72,14.86,14.86,2099.75,633.31,49.42,2.31,0.08,0.32
2018/05/30T23:12:38z,2c:3a:e8:48:cc:90,2.50i,2.0+OPENLOG+15931 MB+DS3231+BME280+PMSX003A+PMSX003B,81,23,39.72,1002.92,0.00,29592,31,1297,12.18,14.18,14.68,12.18,14.18,14.68,2330.66,636.11,56.52,2.84,0.30,0.30,12.50,14.66,14.66,12.50,14.66,14.66,2146.97,643.05,52.03,0.66,0.08,0.32
2018/05/30T23:13:58z,2c:3a:e8:48:cc:90,2.50i,2.0+OPENLOG+15931 MB+DS3231+BME280+PMSX003A+PMSX003B,81,23,39.72,1002.92,0.00,29696,31,1377,11.93,14.61,14.68,11.93,14.61,14.68,2227.64,627.57,58.70,2.14,0.30,0.30,12.08,13.81,14.11,12.08,13.81,14.11,1966.08,596.81,52.06,1.06,0.31,0.31
2018/05/30T23:15:18z,2c:3a:e8:48:cc:90,2.50i,2.0+OPENLOG+15931 MB+DS3231+BME280+PMSX003A+PMSX003B,81,23,39.72,1002.87,0.00,30128,31,1457,11.34,13.30,13.95,11.34,13.30,13.95,2120.66,591.27,55.91,2.05,0.80,0.25,12.62,14.85,15.18,12.62,14.85,15.18,2079.23,629.77,60.36,2.10,0.59,0.31
2018/05/30T23:16:37z,2c:3a:e8:48:cc:90,2.50i,2.0+OPENLOG+15931 MB+DS3231+BME280+PMSX003A+PMSX003B,81,23,39.72,1002.86,0.00,30128,31,1537,10.36,12.84,13.23,10.36,12.84,13.23,1979.66,560.52,57.75,2.34,0.57,0.25,10.94,13.89,13.89,10.94,13.89,13.89,1919.17,571.89,65.67,1.61,0.59,0.31
2018/05/30T23:17:57z,2c:3a:e8:48:cc:90,2.50i,2.0+OPENLOG+15931 MB+DS3231+BME280+PMSX003A+PMSX003B,81,23,39.72,1002.89,0.00,29848,31,1617,10.11,12.39,13.00,10.11,12.39,13.00,1911.89,543.34,55.45,3.11,0.86,0.61,11.33,14.00,14.31,11.33,14.00,14.31,1948.83,583.94,58.58,2.22,0.67,0.31
2018/05/30T23:19:17z,2c:3a:e8:48:cc:90,2.50i,2.0+OPENLOG+15931 MB+DS3231+BME280+PMSX003A+PMSX003B,81,23,39.72,1002.85,0.00,29696,31,1697,10.42,12.11,12.64,10.42,12.11,12.64,1941.80,538.02,50.44,1.69,0.69,0.61,11.53,13.84,13.89,11.53,13.84,13.89,1932.08,591.32,58.82,0.92,0.39,0.31
2018/05/30T23:20:36z,2c:3a:e8:48:cc:90,2.50i,2.0+OPENLOG+15931 MB+DS3231+BME280+PMSX003A+PMSX003B,81,23,39.72,1002.89,0.00,29488,31,1777,9.80,11.75,12.00,9.80,11.75,12.00,1837.09,513.93,53.93,0.45,0.25,0.25,10.72,13.31,13.81,10.72,13.31,13.81,1889.67,566.17,64.78,1.36,0.69,0.69
2018/05/30T23:21:56z,2c:3a:e8:48:cc:90,2.50i,2.0+OPENLOG+15931 MB+DS3231+BME280+PMSX003A+PMSX003B,81,23,39.72,1002.84,0.00,30128,31,1857,9.86,11.75,12.11,9.86,11.75,12.11,1816.02,527.59,47.09,1.70,0.50,0.50,10.16,12.68,12.84,10.16,12.68,12.84,1798.66,554.08,53.29,1.00,0.32,0.69
2018/05/30T23:23:16z,2c:3a:e8:48:cc:90,2.50i,2.0+OPENLOG+15931 MB+DS3231+BME280+PMSX003A+PMSX003B,81,23,39.72,1002.90,0.00,30128,31,1937,9.30,11.07,11.42,9.30,11.07,11.42,1813.81,497.84,50.37,1.88,0.30,0.30,9.94,11.92,12.14,9.94,11.92,12.14,1710.25,524.28,40.22,2.36,0.44,0.31
2018/05/30T23:24:36z,2c:3a:e8:48:cc:90,2.50i,2.0+OPENLOG+15931 MB+DS3231+BME280+PMSX003A+PMSX003B,81,23,39.72,1002.87,0.00,29592,31,2017,9.55,11.20,11.20,9.55,11.20,11.20,1811.32,502.34,46.70,0.98,0.30,0.30,9.53,11.45,12.13,9.53,11.45,12.13,1655.37,502.00,46.37,3.32,1.18,0.50
2018/05/30T23:25:55z,2c:3a:e8:48:cc:90,2.50i,2.0+OPENLOG+15931 MB+DS3231+BME280+PMSX003A+PMSX003B,81,23,39.72,1002.91,0.00,29672,31,2097,8.14,9.86,9.86,8.14,9.86,9.86,1605.82,452.09,34.98,0.68,0.30,0.30,9.83,11.39,11.39,9.83,11.39,11.39,1699.75,507.17,40.03,1.22,1.18,0.50
2018/05/30T23:27:15z,2c:3a:e8:48:cc:90,2.50i,2.0+OPENLOG+15931 MB+DS3231+BME280+PMSX003A+PMSX003B,81,23,39.72,1002.82,0.00,30128,31,2177,8.05,9.93,10.18,8.05,9.93,10.18,1569.41,438.55,43.02,1.11,0.32,0.30,10.62,12.13,12.72,10.62,12.13,12.72,1778.92,541.21,49.38,1.38,1.38,0.50
2018/05/30T23:28:35z,2c:3a:e8:48:cc:90,2.50i,2.0+OPENLOG+15931 MB+DS3231+BME280+PMSX003A+PMSX003B,81,24,40.82,1002.83,0.00,30128,31,2257,8.32,9.55,9.55,8.32,9.55,9.55,1554.41,442.20,35.86,0.45,0.32,0.30,8.35,10.08,10.32,8.35,10.08,10.32,1544.43,448.14,41.70,0.81,0.35,0.50
2018/05/30T23:30:18z,2c:3a:e8:48:cc:90,2.50i,2.0+OPENLOG+15931 MB+DS3231+BME280+PMSX003A+PMSX003B,81,24,40.82,1002.92,0.00,29944,31,23,6.00,7.00,7.00,6.00,7.00,7.00,0.00,0.00,0.00,0.00,0.00,0.00,6.50,6.50,6.50,6.50,6.50,6.50,0.00,0.00,0.00,0.00,0.00,0.00
2018/05/30T23:31:32z,2c:3a:e8:48:cc:90,2.50i,2.0+OPENLOG+15931 MB+DS3231+BME280+PMSX003A+PMSX003B,81,23,39.72,1002.85,0.00,30128,31,97,7.37,8.65,9.10,7.37,8.65,9.10,1455.00,413.70,27.25,1.20,0.75,0.75,8.06,9.24,9.24,8.06,9.24,9.24,1472.03,446.65,37.53,0.91,0.00,0.00
2018/05/30T23:32:52z,2c:3a:e8:48:cc:90,2.50i,2.0+OPENLOG+15931 MB+DS3231+BME280+PMSX003A+PMSX003B,81,23,39.72,1002.84,0.00,30128,31,177,7.16,8.41,8.52,7.16,8.41,8.52,1507.64,419.73,31.11,0.77,0.75,0.75,8.24,10.16,10.16,8.24,10.16,10.16,1503.89,453.59,42.22,0.91,0.00,0.00
2018/05/30T23:34:11z,2c:3a:e8:48:cc:90,2.50i,2.0+OPENLOG+15931 MB+DS3231+BME280+PMSX003A+PMSX003B,81,23,39.72,1002.84,0.00,29640,31,257,7.16,8.59,8.59,7.16,8.59,8.59,1425.00,406.43,32.57,0.41,0.75,0.75,7.59,9.08,9.16,7.59,9.08,9.16,1430.84,424.54,35.51,1.86,0.38,0.00
2018/05/30T23:35:31z,2c:3a:e8:48:cc:90,2.50i,2.0+OPENLOG+15931 MB+DS3231+BME280+PMSX003A+PMSX003B,81,24,40.82,1002.84,0.00,29592,31,337,6.42,7.91,7.91,6.42,7.91,7.91,1396.87,395.64,30.96,0.80,0.75,0.75,7.84,9.41,9.84,7.84,9.41,9.84,1494.08,436.73,38.62,1.59,0.78,0.32
2018/05/30T23:36:51z,2c:3a:e8:48:cc:90,2.50i,2.0+OPENLOG+15931 MB+DS3231+BME280+PMSX003A+PMSX003B,81,23,39.72,1002.72,0.00,29672,31,417,6.59,7.80,8.14,6.59,7.80,8.14,1337.05,374.52,34.09,1.32,0.34,0.34,6.70,7.92,8.08,6.70,7.92,8.08,1330.46,392.43,34.92,0.65,0.24,0.32
2018/05/30T23:38:10z,2c:3a:e8:48:cc:90,2.50i,2.0+OPENLOG+15931 MB+DS3231+BME280+PMSX003A+PMSX003B,81,24,40.82,1002.74,0.00,30128,31,497,6.05,7.14,7.23,6.05,7.14,7.23,1291.16,360.84,26.93,0.89,0.34,0.34,5.74,7.37,7.37,5.74,7.37,7.37,1205.92,372.21,36.24,1.00,0.24,0.32
2018/05/30T23:39:30z,2c:3a:e8:48:cc:90,2.50i,2.0+OPENLOG+15931 MB+DS3231+BME280+PMSX003A+PMSX003B,81,24,40.82,1002.80,0.00,30128,31,577,5.84,7.41,7.41,5.84,7.41,7.41,1204.91,342.82,41.45,1.61,0.34,0.34,7.25,8.17,8.17,7.25,8.17,8.17,1369.75,406.17,32.11,0.08,0.24,0.32
2018/05/30T23:40:50z,2c:3a:e8:48:cc:90,2.50i,2.0+OPENLOG+15931 MB+DS3231+BME280+PMSX003A+PMSX003B,81,24,40.82,1002.75,0.00,29696,31,657,6.14,7.61,7.61,6.14,7.61,7.61,1265.05,356.25,30.27,2.14,0.34,0.34,7.00,8.23,8.23,7.00,8.23,8.23,1242.85,372.38,27.82,1.18,0.24,0.32
2018/05/30T23:42:09z,2c:3a:e8:48:cc:90,2.50i,2.0+OPENLOG+15931 MB+DS3231+BME280+PMSX003A+PMSX003B,81,24,40.82,1002.75,0.00,29672,31,737,6.27,7.45,7.45,6.27,7.45,7.45,1234.09,350.27,29.30,1.93,0.34,0.34,6.19,7.64,7.64,6.19,7.64,7.64,1135.25,344.25,29.50,0.69,0.24,0.32
2018/05/30T23:43:29z,2c:3a:e8:48:cc:90,2.50i,2.0+OPENLOG+15931 MB+DS3231+BME280+PMSX003A+PMSX003B,81,24,40.82,1002.77,0.00,30128,31,817,6.14,6.66,6.66,6.14,6.66,6.66,1258.36,340.20,23.18,0.27,0.34,0.34,6.10,7.41,7.41,6.10,7.41,7.41,1114.00,333.85,31.59,1.10,0.24,0.32
2018/05/30T23:44:49z,2c:3a:e8:48:cc:90,2.50i,2.0+OPENLOG+15931 MB+DS3231+BME280+PMSX003A+PMSX003B,81,24,40.82,1002.79,0.00,30128,31,897,6.11,7.41,7.70,6.11,7.41,7.70,1255.70,342.30,27.80,1.45,0.68,0.27,5.86,7.11,7.11,5.86,7.11,7.11,1177.33,354.50,27.00,0.94,0.24,0.32
2018/05/30T23:46:08z,2c:3a:e8:48:cc:90,2.50i,2.0+OPENLOG+15931 MB+DS3231+BME280+PMSX003A+PMSX003B,81,24,40.82,1002.82,0.00,29696,31,977,5.23,6.39,6.52,5.23,6.39,6.52,1072.50,301.25,26.34,1.48,0.34,0.27,5.56,7.08,7.08,5.56,7.08,7.08,1055.00,319.59,29.10,1.03,0.24,0.32
2018/05/30T23:47:28z,2c:3a:e8:48:cc:90,2.50i,2.0+OPENLOG+15931 MB+DS3231+BME280+PMSX003A+PMSX003B,81,24,40.82,1002.80,0.00,29696,31,1057,4.77,6.27,6.57,4.77,6.27,6.57,1066.36,300.66,28.09,2.66,0.30,0.30,5.54,6.06,6.06,5.54,6.06,6.06,988.20,292.77,20.91,0.37,0.24,0.32
2018/05/30T23:48:48z,2c:3a:e8:48:cc:90,2.50i,2.0+OPENLOG+15931 MB+DS3231+BME280+PMSX003A+PMSX003B,81,24,40.82,1002.73,0.00,30128,31,1137,5.02,6.30,6.50,5.02,6.30,6.50,1083.55,303.34,25.41,1.68,0.25,0.25,5.41,6.77,7.03,5.41,6.77,7.03,1060.31,316.10,36.62,0.97,0.38,0.32
2018/05/30T23:50:08z,2c:3a:e8:48:cc:90,2.50i,2.0+OPENLOG+15931 MB+DS3231+BME280+PMSX003A+PMSX003B,81,24,40.82,1002.83,0.00,30128,31,1217,5.18,6.39,6.39,5.18,6.39,6.39,1108.16,311.59,23.82,1.14,0.25,0.25,4.97,6.08,6.16,4.97,6.08,6.16,1019.59,309.95,28.22,0.68,0.30,0.32
2018/05/30T23:51:27z,2c:3a:e8:48:cc:90,2.50i,2.0+OPENLOG+15931 MB+DS3231+BME280+PMSX003A+PMSX003B,81,24,40.82,1002.82,0.00,29384,31,1297,4.36,5.30,5.57,4.36,5.30,5.57,1057.64,288.18,28.68,0.84,0.39,0.25,4.68,5.66,6.18,4.68,5.66,6.18,974.92,292.89,26.24,1.87,0.71,0.32
2018/05/30T23:52:47z,2c:3a:e8:48:cc:90,2.50i,2.0+OPENLOG+15931 MB+DS3231+BME280+PMSX003A+PMSX003B,81,24,40.82,1002.83,0.00,29696,31,1377,4.39,5.25,5.50,4.39,5.25,5.50,1003.84,281.59,24.59,0.39,0.39,0.39,5.46,6.78,6.97,5.46,6.78,6.97,1046.19,316.62,29.84,0.97,0.19,0.19
2018/05/30T23:54:07z,2c:3a:e8:48:cc:90,2.50i,2.0+OPENLOG+15931 MB+DS3231+BME280+PMSX003A+PMSX003B,81,24,40.82,1002.87,0.00,30128,31,1457,4.60,5.60,6.26,4.60,5.60,6.26,1008.56,275.60,26.30,2.60,0.91,0.30,4.89,5.68,5.95,4.89,5.68,5.95,886.30,270.35,26.03,0.62,0.62,0.19
2018/05/30T23:55:26z,2c:3a:e8:48:cc:90,2.50i,2.0+OPENLOG+15931 MB+DS3231+BME280+PMSX003A+PMSX003B,81,24,40.82,1002.80,0.00,30128,31,1537,3.93,4.74,4.93,3.93,4.74,4.93,880.26,248.30,17.60,1.02,0.40,0.30,5.38,6.30,6.54,5.38,6.30,6.54,1043.19,312.95,22.19,1.00,0.32,0.19
2018/05/30T23:56:46z,2c:3a:e8:48:cc:90,2.50i,2.0+OPENLOG+15931 MB+DS3231+BME280+PMSX003A+PMSX003B,81,24,40.82,1002.82,0.00,29336,31,1617,4.02,4.96,5.04,4.02,4.96,5.04,919.73,249.53,27.20,1.53,0.24,0.30,4.97,6.56,6.56,4.97,6.56,6.56,989.17,298.36,31.53,2.22,0.08,0.19
2018/05/30T23:58:06z,2c:3a:e8:48:cc:90,2.50i,2.0+OPENLOG+15931 MB+DS3231+BME280+PMSX003A+PMSX003B,81,24,40.82,1002.79,0.00,29392,31,1697,4.16,5.07,5.84,4.16,5.07,5.84,904.70,259.89,19.93,2.23,0.89,0.89,4.74,5.79,5.79,4.74,5.79,5.79,919.97,277.32,34.66,0.82,0.08,0.19
2018/05/30T23:59:25z,2c:3a:e8:48:cc:90,2.50i,2.0+OPENLOG+15931 MB+DS3231+BME280+PMSX003A+PMSX003B,81,24,40.82,1002.77,0.00,29672,31,1777,4.02,4.77,4.91,4.02,4.77,4.91,872.52,246.32,21.09,2.05,0.27,0.89,4.89,5.89,5.89,4.89,5.89,5.89,926.08,273.97,22.56,0.75,0.08,0.19
