Instrument Name,DustTrak DRX
Model Number,8533
Serial Number,8533103404
Firmware Version,3.0
Calibration Date,03/12/2014
Test Name,MANUAL_013
Test Start Time,10:55:15
Test Start Date,06/02/2018
Test Length [D:H:M],1:0:0
Test Interval [M:S],1:0
PM1 Average [mg/m3],0.018
PM1 Minimum [mg/m3],0.000
PM1 Maximum [mg/m3],0.802
PM1 TWA [mg/m3],0.035
PM2.5 Average [mg/m3],0.018
PM2.5 Minimum [mg/m3],0.000
PM2.5 Maximum [mg/m3],0.805
PM2.5 TWA [mg/m3],0.035
PM4 Average [mg/m3],0.018
PM4 Minimum [mg/m3],0.000
PM4 Maximum [mg/m3],0.806
PM4 TWA [mg/m3],0.035
PM10 Average [mg/m3],0.018
PM10 Minimum [mg/m3],0.000
PM10 Maximum [mg/m3],0.807
PM10 TWA [mg/m3],0.035
TOTAL Average [mg/m3],0.018
TOTAL Minimum [mg/m3],0.000
TOTAL Maximum [mg/m3],0.807
TOTAL TWA [mg/m3],0.035
Photometric User Cal,1.00
Size Correction User Cal,1.00
Flow User Cal,0.00
Errors,
Number of Samples,1440

Elapsed Time [s],PM1 [mg/m3],PM2.5 [mg/m3],PM4 [mg/m3],PM10 [mg/m3],TOTAL [mg/m3],Alarms,Errors
60,0.005,0.005,0.005,0.005,0.005,,
120,0.327,0.328,0.329,0.329,0.329,,
180,0.774,0.776,0.777,0.777,0.777,,
240,0.442,0.443,0.444,0.444,0.444,,
300,0.322,0.323,0.324,0.324,0.324,,
360,0.214,0.214,0.215,0.215,0.215,,
420,0.209,0.209,0.210,0.210,0.210,,
480,0.208,0.209,0.209,0.209,0.209,,
540,0.203,0.204,0.204,0.205,0.205,,
600,0.198,0.199,0.199,0.199,0.199,,
660,0.192,0.193,0.193,0.193,0.193,,
720,0.187,0.188,0.188,0.188,0.188,,
780,0.183,0.184,0.184,0.185,0.185,,
840,0.180,0.181,0.181,0.181,0.181,,
900,0.174,0.176,0.176,0.176,0.176,,
960,0.169,0.171,0.171,0.171,0.171,,
1020,0.164,0.166,0.166,0.166,0.166,,
1080,0.160,0.162,0.162,0.162,0.162,,
1140,0.153,0.154,0.154,0.154,0.154,,
1200,0.149,0.150,0.150,0.150,0.150,,
1260,0.143,0.144,0.144,0.144,0.144,,
1320,0.137,0.138,0.138,0.138,0.138,,
1380,0.133,0.134,0.134,0.134,0.134,,
1440,0.128,0.129,0.129,0.129,0.129,,
1500,0.124,0.125,0.125,0.125,0.125,,
1560,0.119,0.120,0.120,0.120,0.120,,
1620,0.115,0.116,0.116,0.116,0.116,,
1680,0.110,0.111,0.111,0.111,0.111,,
1740,0.107,0.108,0.108,0.108,0.108,,
1800,0.103,0.104,0.104,0.104,0.104,,
1860,0.099,0.100,0.101,0.101,0.101,,
1920,0.095,0.096,0.096,0.096,0.096,,
1980,0.094,0.095,0.095,0.095,0.095,,
2040,0.089,0.090,0.090,0.090,0.090,,
2100,0.086,0.087,0.087,0.087,0.087,,
2160,0.083,0.084,0.084,0.084,0.084,,
2220,0.080,0.081,0.081,0.081,0.081,,
2280,0.078,0.078,0.078,0.078,0.078,,
2340,0.076,0.077,0.077,0.077,0.077,,
2400,0.072,0.073,0.073,0.073,0.073,,
2460,0.070,0.070,0.070,0.070,0.070,,
2520,0.068,0.069,0.069,0.069,0.069,,
2580,0.066,0.067,0.067,0.067,0.067,,
2640,0.063,0.064,0.064,0.064,0.064,,
2700,0.061,0.062,0.062,0.062,0.062,,
2760,0.059,0.060,0.060,0.060,0.060,,
2820,0.058,0.058,0.058,0.058,0.058,,
2880,0.055,0.056,0.056,0.056,0.056,,
2940,0.054,0.054,0.054,0.054,0.054,,
3000,0.052,0.053,0.053,0.053,0.053,,
3060,0.050,0.051,0.051,0.051,0.051,,
3120,0.050,0.050,0.050,0.050,0.050,,
3180,0.048,0.048,0.048,0.048,0.048,,
3240,0.046,0.047,0.047,0.047,0.047,,
3300,0.045,0.046,0.046,0.046,0.046,,
3360,0.044,0.044,0.044,0.044,0.044,,
3420,0.043,0.043,0.043,0.043,0.043,,
3480,0.041,0.042,0.042,0.042,0.042,,
3540,0.040,0.040,0.040,0.040,0.040,,
3600,0.039,0.040,0.040,0.040,0.040,,
3660,0.038,0.038,0.038,0.038,0.038,,
3720,0.037,0.037,0.037,0.037,0.037,,
3780,0.036,0.037,0.037,0.037,0.037,,
3840,0.035,0.035,0.035,0.035,0.035,,
3900,0.034,0.035,0.035,0.035,0.035,,
3960,0.034,0.034,0.034,0.034,0.034,,
4020,0.033,0.033,0.033,0.033,0.033,,
4080,0.032,0.032,0.032,0.032,0.032,,
4140,0.031,0.031,0.031,0.031,0.031,,
4200,0.030,0.030,0.030,0.030,0.030,,
4260,0.029,0.030,0.030,0.030,0.030,,
4320,0.029,0.029,0.029,0.029,0.029,,
4380,0.027,0.028,0.028,0.028,0.028,,
4440,0.027,0.027,0.027,0.027,0.027,,
4500,0.027,0.027,0.027,0.027,0.027,,
4560,0.026,0.026,0.026,0.026,0.026,,
4620,0.025,0.025,0.025,0.025,0.025,,
4680,0.025,0.025,0.025,0.025,0.025,,
4740,0.024,0.024,0.024,0.024,0.024,,
4800,0.024,0.024,0.024,0.024,0.024,,
4860,0.022,0.023,0.023,0.023,0.023,,
4920,0.022,0.022,0.022,0.022,0.022,,
4980,0.022,0.022,0.022,0.022,0.022,,
5040,0.021,0.022,0.022,0.022,0.022,,
5100,0.021,0.021,0.021,0.021,0.021,,
5160,0.020,0.021,0.021,0.021,0.021,,
5220,0.020,0.020,0.020,0.020,0.020,,
5280,0.019,0.020,0.020,0.020,0.020,,
5340,0.019,0.019,0.019,0.019,0.019,,
5400,0.018,0.019,0.019,0.019,0.019,,
5460,0.018,0.018,0.018,0.018,0.018,,
5520,0.018,0.018,0.018,0.018,0.018,,
5580,0.017,0.017,0.017,0.017,0.017,,
5640,0.017,0.017,0.017,0.017,0.017,,
5700,0.017,0.017,0.017,0.017,0.017,,
5760,0.016,0.017,0.017,0.017,0.017,,
5820,0.016,0.016,0.016,0.016,0.016,,
5880,0.016,0.016,0.016,0.016,0.016,,
5940,0.015,0.015,0.015,0.015,0.015,,
6000,0.015,0.015,0.015,0.015,0.015,,
6060,0.015,0.015,0.015,0.015,0.015,,
6120,0.014,0.015,0.015,0.015,0.015,,
6180,0.014,0.014,0.014,0.014,0.014,,
6240,0.014,0.014,0.014,0.014,0.014,,
6300,0.013,0.014,0.014,0.014,0.014,,
6360,0.013,0.013,0.013,0.013,0.013,,
6420,0.013,0.013,0.013,0.013,0.013,,
6480,0.013,0.013,0.013,0.013,0.013,,
6540,0.012,0.013,0.013,0.013,0.013,,
6600,0.012,0.012,0.012,0.012,0.012,,
6660,0.012,0.012,0.012,0.012,0.012,,
6720,0.012,0.012,0.012,0.012,0.012,,
6780,0.012,0.012,0.012,0.012,0.012,,
6840,0.012,0.012,0.012,0.012,0.012,,
6900,0.011,0.011,0.011,0.011,0.011,,
6960,0.011,0.011,0.011,0.011,0.011,,
7020,0.011,0.011,0.011,0.011,0.011,,
7080,0.011,0.011,0.011,0.011,0.011,,
7140,0.010,0.010,0.010,0.010,0.010,,
7200,0.010,0.010,0.010,0.010,0.010,,
7260,0.010,0.010,0.010,0.010,0.010,,
7320,0.010,0.010,0.010,0.010,0.010,,
7380,0.010,0.010,0.010,0.010,0.010,,
7440,0.010,0.010,0.010,0.010,0.010,,
7500,0.009,0.009,0.009,0.009,0.009,,
7560,0.009,0.009,0.009,0.009,0.009,,
7620,0.009,0.009,0.009,0.009,0.009,,
7680,0.009,0.009,0.009,0.009,0.009,,
7740,0.009,0.009,0.009,0.009,0.009,,
7800,0.009,0.009,0.009,0.009,0.009,,
7860,0.009,0.009,0.009,0.009,0.009,,
7920,0.008,0.009,0.009,0.009,0.009,,
7980,0.008,0.008,0.008,0.008,0.008,,
8040,0.008,0.008,0.008,0.008,0.008,,
8100,0.008,0.008,0.008,0.008,0.008,,
8160,0.008,0.008,0.008,0.008,0.008,,
8220,0.008,0.008,0.008,0.008,0.008,,
8280,0.007,0.007,0.007,0.007,0.007,,
8340,0.007,0.008,0.008,0.008,0.008,,
8400,0.007,0.007,0.007,0.007,0.007,,
8460,0.007,0.007,0.007,0.007,0.007,,
8520,0.007,0.007,0.007,0.007,0.007,,
8580,0.007,0.007,0.007,0.007,0.007,,
8640,0.007,0.007,0.007,0.007,0.007,,
8700,0.007,0.007,0.007,0.007,0.007,,
8760,0.007,0.007,0.007,0.007,0.007,,
8820,0.007,0.007,0.007,0.007,0.007,,
8880,0.007,0.007,0.007,0.007,0.007,,
8940,0.006,0.006,0.006,0.006,0.006,,
9000,0.006,0.006,0.006,0.006,0.006,,
9060,0.006,0.006,0.006,0.006,0.006,,
9120,0.006,0.006,0.006,0.006,0.006,,
9180,0.006,0.006,0.006,0.006,0.006,,
9240,0.006,0.006,0.006,0.006,0.006,,
9300,0.006,0.006,0.006,0.006,0.006,,
9360,0.006,0.006,0.006,0.006,0.006,,
9420,0.005,0.006,0.006,0.006,0.006,,
9480,0.006,0.006,0.006,0.006,0.006,,
9540,0.006,0.006,0.006,0.006,0.006,,
9600,0.005,0.006,0.006,0.006,0.006,,
9660,0.005,0.005,0.005,0.005,0.005,,
9720,0.006,0.006,0.006,0.006,0.006,,
9780,0.005,0.005,0.005,0.005,0.005,,
9840,0.005,0.005,0.005,0.005,0.005,,
9900,0.005,0.005,0.005,0.005,0.005,,
9960,0.005,0.005,0.005,0.005,0.005,,
10020,0.005,0.005,0.005,0.005,0.005,,
10080,0.005,0.005,0.005,0.005,0.005,,
10140,0.005,0.005,0.005,0.005,0.005,,
10200,0.005,0.005,0.005,0.005,0.005,,
10260,0.005,0.005,0.005,0.005,0.005,,
10320,0.005,0.005,0.005,0.005,0.005,,
10380,0.005,0.005,0.005,0.005,0.005,,
10440,0.005,0.005,0.005,0.005,0.005,,
10500,0.005,0.005,0.005,0.005,0.005,,
10560,0.005,0.005,0.005,0.005,0.005,,
10620,0.005,0.005,0.005,0.005,0.005,,
10680,0.005,0.005,0.005,0.005,0.005,,
10740,0.005,0.005,0.005,0.005,0.005,,
10800,0.005,0.005,0.005,0.005,0.005,,
10860,0.004,0.004,0.004,0.004,0.004,,
10920,0.004,0.004,0.004,0.004,0.004,,
10980,0.005,0.005,0.005,0.005,0.005,,
11040,0.005,0.005,0.005,0.005,0.005,,
11100,0.005,0.005,0.005,0.005,0.005,,
11160,0.005,0.005,0.005,0.005,0.005,,
11220,0.004,0.005,0.005,0.005,0.005,,
11280,0.005,0.005,0.005,0.005,0.005,,
11340,0.004,0.004,0.004,0.004,0.004,,
11400,0.004,0.004,0.004,0.004,0.004,,
11460,0.004,0.004,0.004,0.004,0.004,,
11520,0.004,0.004,0.004,0.004,0.004,,
11580,0.004,0.004,0.004,0.004,0.004,,
11640,0.004,0.004,0.004,0.004,0.004,,
11700,0.004,0.004,0.004,0.004,0.004,,
11760,0.004,0.004,0.004,0.004,0.004,,
11820,0.004,0.004,0.004,0.004,0.004,,
11880,0.004,0.004,0.004,0.004,0.004,,
11940,0.004,0.004,0.004,0.004,0.004,,
12000,0.004,0.004,0.004,0.004,0.004,,
12060,0.004,0.004,0.004,0.004,0.004,,
12120,0.004,0.004,0.004,0.004,0.004,,
12180,0.003,0.003,0.003,0.003,0.003,,
12240,0.004,0.004,0.004,0.004,0.004,,
12300,0.004,0.004,0.004,0.004,0.004,,
12360,0.004,0.004,0.004,0.004,0.004,,
12420,0.003,0.003,0.003,0.003,0.003,,
12480,0.004,0.004,0.004,0.004,0.004,,
12540,0.004,0.004,0.004,0.004,0.004,,
12600,0.004,0.004,0.004,0.004,0.004,,
12660,0.004,0.004,0.004,0.004,0.004,,
12720,0.004,0.004,0.004,0.004,0.004,,
12780,0.003,0.003,0.003,0.003,0.003,,
12840,0.003,0.004,0.004,0.004,0.004,,
12900,0.004,0.004,0.004,0.004,0.004,,
12960,0.003,0.003,0.003,0.003,0.003,,
13020,0.003,0.003,0.003,0.003,0.003,,
13080,0.003,0.003,0.003,0.003,0.003,,
13140,0.003,0.003,0.003,0.003,0.003,,
13200,0.003,0.003,0.003,0.003,0.003,,
13260,0.003,0.003,0.003,0.003,0.003,,
13320,0.003,0.003,0.003,0.003,0.003,,
13380,0.003,0.003,0.003,0.003,0.003,,
13440,0.003,0.003,0.003,0.003,0.003,,
13500,0.003,0.003,0.003,0.003,0.003,,
13560,0.003,0.003,0.003,0.003,0.003,,
13620,0.003,0.003,0.003,0.003,0.003,,
13680,0.003,0.003,0.003,0.003,0.003,,
13740,0.003,0.003,0.003,0.003,0.003,,
13800,0.003,0.003,0.003,0.003,0.003,,
13860,0.003,0.003,0.003,0.003,0.003,,
13920,0.003,0.003,0.003,0.003,0.003,,
13980,0.003,0.003,0.003,0.003,0.003,,
14040,0.003,0.003,0.003,0.003,0.003,,
14100,0.003,0.003,0.003,0.003,0.003,,
14160,0.003,0.003,0.003,0.003,0.003,,
14220,0.002,0.003,0.003,0.003,0.003,,
14280,0.003,0.003,0.003,0.003,0.003,,
14340,0.003,0.003,0.003,0.003,0.003,,
14400,0.003,0.003,0.003,0.003,0.003,,
14460,0.003,0.003,0.003,0.003,0.003,,
14520,0.003,0.003,0.003,0.003,0.003,,
14580,0.003,0.003,0.003,0.003,0.003,,
14640,0.002,0.003,0.003,0.003,0.003,,
14700,0.002,0.002,0.002,0.002,0.002,,
14760,0.002,0.003,0.003,0.003,0.003,,
14820,0.002,0.003,0.003,0.003,0.003,,
14880,0.003,0.003,0.003,0.003,0.003,,
14940,0.002,0.002,0.002,0.002,0.002,,
15000,0.002,0.002,0.002,0.002,0.002,,
15060,0.002,0.003,0.003,0.003,0.003,,
15120,0.002,0.002,0.002,0.002,0.002,,
15180,0.002,0.002,0.002,0.002,0.002,,
15240,0.002,0.002,0.002,0.002,0.002,,
15300,0.002,0.002,0.002,0.002,0.002,,
15360,0.002,0.002,0.002,0.002,0.002,,
15420,0.002,0.002,0.002,0.002,0.002,,
15480,0.002,0.002,0.002,0.002,0.002,,
15540,0.002,0.002,0.002,0.002,0.002,,
15600,0.002,0.002,0.002,0.002,0.002,,
15660,0.002,0.002,0.002,0.002,0.002,,
15720,0.002,0.002,0.002,0.002,0.002,,
15780,0.002,0.002,0.002,0.002,0.002,,
15840,0.002,0.002,0.002,0.002,0.002,,
15900,0.002,0.002,0.002,0.002,0.002,,
15960,0.002,0.002,0.002,0.002,0.002,,
16020,0.002,0.002,0.002,0.002,0.002,,
16080,0.002,0.002,0.002,0.002,0.002,,
16140,0.002,0.002,0.002,0.002,0.002,,
16200,0.002,0.002,0.002,0.002,0.002,,
16260,0.002,0.002,0.002,0.002,0.002,,
16320,0.002,0.002,0.002,0.002,0.002,,
16380,0.002,0.002,0.002,0.002,0.002,,
16440,0.002,0.002,0.002,0.002,0.002,,
16500,0.002,0.002,0.002,0.002,0.002,,
16560,0.002,0.002,0.002,0.002,0.002,,
16620,0.002,0.002,0.002,0.002,0.002,,
16680,0.002,0.002,0.002,0.002,0.002,,
16740,0.002,0.002,0.002,0.002,0.002,,
16800,0.002,0.002,0.002,0.002,0.002,,
16860,0.002,0.002,0.002,0.002,0.002,,
16920,0.002,0.002,0.002,0.002,0.002,,
16980,0.002,0.002,0.002,0.002,0.002,,
17040,0.002,0.002,0.002,0.002,0.002,,
17100,0.002,0.002,0.002,0.002,0.002,,
17160,0.002,0.002,0.002,0.002,0.002,,
17220,0.002,0.002,0.002,0.002,0.002,,
17280,0.002,0.002,0.002,0.002,0.002,,
17340,0.002,0.002,0.002,0.002,0.002,,
17400,0.002,0.002,0.002,0.002,0.002,,
17460,0.002,0.002,0.002,0.002,0.002,,
17520,0.002,0.002,0.002,0.002,0.002,,
17580,0.002,0.002,0.002,0.002,0.002,,
17640,0.002,0.002,0.002,0.002,0.002,,
17700,0.002,0.002,0.002,0.002,0.002,,
17760,0.002,0.002,0.002,0.002,0.002,,
17820,0.002,0.002,0.002,0.002,0.002,,
17880,0.002,0.002,0.002,0.002,0.002,,
17940,0.002,0.002,0.002,0.002,0.002,,
18000,0.002,0.002,0.002,0.002,0.002,,
18060,0.002,0.002,0.002,0.002,0.002,,
18120,0.002,0.002,0.002,0.002,0.002,,
18180,0.002,0.002,0.002,0.002,0.002,,
18240,0.002,0.002,0.002,0.002,0.002,,
18300,0.002,0.002,0.002,0.002,0.002,,
18360,0.002,0.002,0.002,0.002,0.002,,
18420,0.002,0.002,0.002,0.002,0.002,,
18480,0.002,0.002,0.002,0.002,0.002,,
18540,0.002,0.002,0.002,0.002,0.002,,
18600,0.002,0.002,0.002,0.002,0.002,,
18660,0.002,0.002,0.002,0.002,0.002,,
18720,0.002,0.002,0.002,0.002,0.002,,
18780,0.002,0.002,0.002,0.002,0.002,,
18840,0.001,0.001,0.001,0.001,0.001,,
18900,0.002,0.002,0.002,0.002,0.002,,
18960,0.002,0.002,0.002,0.002,0.002,,
19020,0.002,0.002,0.002,0.002,0.002,,
19080,0.002,0.002,0.002,0.002,0.002,,
19140,0.002,0.002,0.002,0.002,0.002,,
19200,0.002,0.002,0.002,0.002,0.002,,
19260,0.002,0.002,0.002,0.002,0.002,,
19320,0.002,0.002,0.002,0.002,0.002,,
19380,0.002,0.002,0.002,0.002,0.002,,
19440,0.001,0.002,0.002,0.002,0.002,,
19500,0.002,0.002,0.002,0.002,0.002,,
19560,0.002,0.002,0.002,0.002,0.002,,
19620,0.002,0.002,0.002,0.002,0.002,,
19680,0.001,0.001,0.001,0.001,0.001,,
19740,0.002,0.002,0.002,0.002,0.002,,
19800,0.002,0.002,0.002,0.002,0.002,,
19860,0.002,0.002,0.002,0.002,0.002,,
19920,0.002,0.002,0.002,0.002,0.002,,
19980,0.002,0.002,0.002,0.002,0.002,,
20040,0.002,0.002,0.002,0.002,0.002,,
20100,0.001,0.001,0.001,0.001,0.001,,
20160,0.002,0.002,0.002,0.002,0.002,,
20220,0.002,0.002,0.002,0.002,0.002,,
20280,0.001,0.001,0.001,0.001,0.001,,
20340,0.002,0.002,0.002,0.002,0.002,,
20400,0.001,0.001,0.001,0.001,0.001,,
20460,0.002,0.002,0.002,0.002,0.002,,
20520,0.001,0.002,0.002,0.002,0.002,,
20580,0.001,0.001,0.001,0.001,0.001,,
20640,0.002,0.002,0.002,0.002,0.002,,
20700,0.002,0.002,0.002,0.002,0.002,,
20760,0.001,0.001,0.001,0.001,0.001,,
20820,0.001,0.002,0.002,0.002,0.002,,
20880,0.001,0.001,0.001,0.001,0.001,,
20940,0.001,0.001,0.001,0.001,0.001,,
21000,0.002,0.002,0.002,0.002,0.002,,
21060,0.001,0.001,0.001,0.001,0.001,,
21120,0.002,0.002,0.002,0.002,0.002,,
21180,0.001,0.001,0.001,0.001,0.001,,
21240,0.001,0.002,0.002,0.002,0.002,,
21300,0.002,0.002,0.002,0.002,0.002,,
21360,0.002,0.002,0.002,0.002,0.002,,
21420,0.001,0.001,0.002,0.002,0.002,,
21480,0.002,0.002,0.002,0.002,0.002,,
21540,0.001,0.001,0.001,0.001,0.001,,
21600,0.002,0.002,0.002,0.002,0.002,,
21660,0.001,0.002,0.002,0.002,0.002,,
21720,0.001,0.001,0.001,0.001,0.001,,
21780,0.001,0.001,0.001,0.001,0.001,,
21840,0.001,0.001,0.001,0.001,0.001,,
21900,0.001,0.001,0.001,0.001,0.001,,
21960,0.001,0.002,0.002,0.002,0.002,,
22020,0.001,0.001,0.001,0.001,0.001,,
22080,0.001,0.001,0.001,0.001,0.001,,
22140,0.001,0.002,0.002,0.002,0.002,,
22200,0.001,0.001,0.001,0.001,0.001,,
22260,0.002,0.002,0.002,0.002,0.002,,
22320,0.001,0.001,0.001,0.001,0.001,,
22380,0.001,0.001,0.001,0.001,0.001,,
22440,0.002,0.002,0.002,0.002,0.002,,
22500,0.001,0.002,0.002,0.002,0.002,,
22560,0.001,0.001,0.001,0.001,0.001,,
22620,0.001,0.001,0.001,0.001,0.001,,
22680,0.001,0.001,0.001,0.001,0.001,,
22740,0.001,0.001,0.001,0.001,0.001,,
22800,0.002,0.002,0.002,0.002,0.002,,
22860,0.001,0.001,0.001,0.001,0.001,,
22920,0.001,0.001,0.001,0.001,0.001,,
22980,0.001,0.001,0.001,0.001,0.001,,
23040,0.001,0.001,0.001,0.001,0.001,,
23100,0.001,0.001,0.001,0.001,0.001,,
23160,0.001,0.001,0.001,0.001,0.001,,
23220,0.001,0.001,0.001,0.001,0.001,,
23280,0.001,0.001,0.001,0.001,0.001,,
23340,0.001,0.001,0.001,0.001,0.001,,
23400,0.001,0.001,0.001,0.001,0.001,,
23460,0.001,0.001,0.001,0.001,0.001,,
23520,0.001,0.001,0.001,0.001,0.001,,
23580,0.001,0.001,0.001,0.001,0.001,,
23640,0.001,0.001,0.001,0.001,0.001,,
23700,0.001,0.001,0.001,0.001,0.001,,
23760,0.001,0.001,0.001,0.001,0.001,,
23820,0.001,0.001,0.001,0.001,0.001,,
23880,0.001,0.001,0.001,0.001,0.001,,
23940,0.001,0.001,0.001,0.001,0.001,,
24000,0.001,0.001,0.001,0.001,0.001,,
24060,0.000,0.000,0.000,0.000,0.000,,
24120,0.000,0.000,0.000,0.000,0.000,,
24180,0.000,0.000,0.000,0.000,0.000,,
24240,0.002,0.002,0.002,0.002,0.002,,
24300,0.004,0.004,0.004,0.004,0.004,,
24360,0.004,0.004,0.005,0.005,0.005,,
24420,0.007,0.007,0.007,0.007,0.007,,
24480,0.646,0.648,0.649,0.650,0.650,,
24540,0.802,0.805,0.806,0.807,0.807,,
24600,0.514,0.516,0.517,0.517,0.517,,
24660,0.339,0.340,0.341,0.341,0.341,,
24720,0.219,0.220,0.220,0.220,0.220,,
24780,0.172,0.173,0.173,0.173,0.173,,
24840,0.174,0.174,0.175,0.175,0.175,,
24900,0.169,0.169,0.169,0.169,0.169,,
24960,0.161,0.161,0.161,0.161,0.161,,
25020,0.153,0.154,0.154,0.154,0.154,,
25080,0.145,0.146,0.146,0.146,0.146,,
25140,0.139,0.139,0.139,0.139,0.139,,
25200,0.132,0.133,0.133,0.133,0.133,,
25260,0.126,0.127,0.127,0.127,0.127,,
25320,0.120,0.121,0.121,0.121,0.121,,
25380,0.115,0.116,0.116,0.116,0.116,,
25440,0.110,0.111,0.111,0.111,0.111,,
25500,0.106,0.106,0.106,0.106,0.106,,
25560,0.102,0.103,0.103,0.103,0.103,,
25620,0.098,0.098,0.098,0.098,0.098,,
25680,0.093,0.094,0.094,0.094,0.094,,
25740,0.090,0.091,0.091,0.091,0.091,,
25800,0.086,0.087,0.087,0.087,0.087,,
25860,0.083,0.083,0.083,0.083,0.083,,
25920,0.080,0.080,0.080,0.080,0.080,,
25980,0.076,0.076,0.076,0.076,0.076,,
26040,0.073,0.074,0.074,0.074,0.074,,
26100,0.071,0.071,0.071,0.071,0.071,,
26160,0.069,0.069,0.069,0.069,0.069,,
26220,0.065,0.066,0.066,0.066,0.066,,
26280,0.063,0.063,0.063,0.063,0.063,,
26340,0.061,0.061,0.061,0.061,0.061,,
26400,0.059,0.060,0.060,0.060,0.060,,
26460,0.057,0.057,0.057,0.057,0.057,,
26520,0.055,0.055,0.055,0.055,0.055,,
26580,0.053,0.054,0.054,0.054,0.054,,
26640,0.052,0.052,0.052,0.052,0.052,,
26700,0.049,0.050,0.050,0.050,0.050,,
26760,0.048,0.049,0.049,0.049,0.049,,
26820,0.047,0.047,0.047,0.047,0.047,,
26880,0.045,0.046,0.046,0.046,0.046,,
26940,0.044,0.044,0.044,0.044,0.044,,
27000,0.042,0.043,0.043,0.043,0.043,,
27060,0.041,0.042,0.042,0.042,0.042,,
27120,0.040,0.040,0.040,0.040,0.040,,
27180,0.039,0.039,0.039,0.039,0.039,,
27240,0.037,0.037,0.037,0.037,0.037,,
27300,0.037,0.037,0.037,0.037,0.037,,
27360,0.035,0.035,0.035,0.035,0.035,,
27420,0.035,0.035,0.035,0.035,0.035,,
27480,0.033,0.033,0.033,0.033,0.033,,
27540,0.032,0.032,0.032,0.032,0.032,,
27600,0.031,0.031,0.031,0.031,0.031,,
27660,0.030,0.030,0.030,0.030,0.030,,
27720,0.029,0.029,0.029,0.029,0.029,,
27780,0.029,0.029,0.029,0.029,0.029,,
27840,0.028,0.028,0.028,0.028,0.028,,
27900,0.027,0.027,0.027,0.027,0.027,,
27960,0.026,0.026,0.026,0.026,0.026,,
28020,0.026,0.026,0.026,0.026,0.026,,
28080,0.025,0.025,0.025,0.025,0.025,,
28140,0.024,0.024,0.024,0.024,0.024,,
28200,0.023,0.023,0.023,0.023,0.023,,
28260,0.023,0.023,0.023,0.023,0.023,,
28320,0.022,0.022,0.022,0.022,0.022,,
28380,0.021,0.021,0.021,0.021,0.021,,
28440,0.021,0.021,0.021,0.021,0.021,,
28500,0.020,0.021,0.021,0.021,0.021,,
28560,0.020,0.020,0.020,0.020,0.020,,
28620,0.019,0.019,0.019,0.019,0.019,,
28680,0.019,0.019,0.019,0.019,0.019,,
28740,0.019,0.019,0.019,0.019,0.019,,
28800,0.018,0.018,0.018,0.018,0.018,,
28860,0.018,0.018,0.018,0.018,0.018,,
28920,0.017,0.017,0.017,0.017,0.017,,
28980,0.017,0.017,0.017,0.017,0.017,,
29040,0.016,0.017,0.017,0.017,0.017,,
29100,0.016,0.016,0.016,0.016,0.016,,
29160,0.016,0.016,0.016,0.016,0.016,,
29220,0.016,0.016,0.016,0.016,0.016,,
29280,0.015,0.015,0.015,0.015,0.015,,
29340,0.015,0.015,0.015,0.015,0.015,,
29400,0.014,0.014,0.014,0.014,0.014,,
29460,0.014,0.014,0.014,0.014,0.014,,
29520,0.014,0.014,0.014,0.014,0.014,,
29580,0.013,0.013,0.013,0.013,0.013,,
29640,0.013,0.013,0.013,0.013,0.013,,
29700,0.013,0.013,0.013,0.013,0.013,,
29760,0.012,0.012,0.012,0.012,0.012,,
29820,0.013,0.013,0.013,0.013,0.013,,
29880,0.012,0.012,0.012,0.012,0.012,,
29940,0.012,0.012,0.012,0.012,0.012,,
30000,0.011,0.011,0.011,0.011,0.011,,
30060,0.011,0.011,0.011,0.011,0.011,,
30120,0.011,0.011,0.011,0.011,0.011,,
30180,0.011,0.011,0.011,0.011,0.011,,
30240,0.011,0.011,0.011,0.011,0.011,,
30300,0.010,0.010,0.010,0.010,0.010,,
30360,0.010,0.010,0.010,0.010,0.010,,
30420,0.010,0.010,0.010,0.010,0.010,,
30480,0.010,0.010,0.010,0.010,0.010,,
30540,0.009,0.009,0.009,0.009,0.009,,
30600,0.009,0.009,0.009,0.009,0.009,,
30660,0.009,0.009,0.009,0.009,0.009,,
30720,0.009,0.009,0.009,0.009,0.009,,
30780,0.009,0.009,0.009,0.009,0.009,,
30840,0.009,0.009,0.009,0.009,0.009,,
30900,0.008,0.008,0.008,0.008,0.008,,
30960,0.008,0.008,0.008,0.008,0.008,,
31020,0.008,0.008,0.008,0.008,0.008,,
31080,0.008,0.008,0.008,0.008,0.008,,
31140,0.008,0.008,0.008,0.008,0.008,,
31200,0.008,0.008,0.008,0.008,0.008,,
31260,0.007,0.007,0.007,0.007,0.007,,
31320,0.007,0.007,0.007,0.007,0.007,,
31380,0.007,0.007,0.007,0.007,0.007,,
31440,0.007,0.007,0.007,0.007,0.007,,
31500,0.007,0.007,0.007,0.007,0.007,,
31560,0.007,0.007,0.007,0.007,0.007,,
31620,0.006,0.007,0.007,0.007,0.007,,
31680,0.007,0.007,0.007,0.007,0.007,,
31740,0.006,0.006,0.006,0.006,0.006,,
31800,0.006,0.006,0.006,0.006,0.006,,
31860,0.006,0.006,0.006,0.006,0.006,,
31920,0.006,0.006,0.006,0.006,0.006,,
31980,0.006,0.006,0.006,0.006,0.006,,
32040,0.006,0.006,0.006,0.006,0.006,,
32100,0.006,0.006,0.006,0.006,0.006,,
32160,0.005,0.006,0.006,0.006,0.006,,
32220,0.005,0.006,0.006,0.006,0.006,,
32280,0.005,0.005,0.005,0.005,0.005,,
32340,0.005,0.005,0.005,0.005,0.005,,
32400,0.005,0.005,0.005,0.005,0.005,,
32460,0.005,0.005,0.005,0.005,0.005,,
32520,0.005,0.005,0.005,0.005,0.005,,
32580,0.005,0.005,0.005,0.005,0.005,,
32640,0.005,0.005,0.005,0.005,0.005,,
32700,0.005,0.005,0.005,0.005,0.005,,
32760,0.005,0.005,0.005,0.005,0.005,,
32820,0.004,0.004,0.004,0.004,0.004,,
32880,0.004,0.004,0.004,0.004,0.004,,
32940,0.004,0.004,0.004,0.004,0.004,,
33000,0.004,0.004,0.004,0.004,0.004,,
33060,0.004,0.004,0.004,0.004,0.004,,
33120,0.004,0.004,0.004,0.004,0.004,,
33180,0.004,0.004,0.004,0.004,0.004,,
33240,0.004,0.004,0.004,0.004,0.004,,
33300,0.004,0.004,0.004,0.004,0.004,,
33360,0.004,0.004,0.004,0.004,0.004,,
33420,0.004,0.004,0.004,0.004,0.004,,
33480,0.004,0.004,0.004,0.004,0.004,,
33540,0.004,0.004,0.004,0.004,0.004,,
33600,0.004,0.004,0.004,0.004,0.004,,
33660,0.003,0.003,0.003,0.003,0.003,,
33720,0.004,0.004,0.004,0.004,0.004,,
33780,0.004,0.004,0.004,0.004,0.004,,
33840,0.003,0.003,0.003,0.003,0.003,,
33900,0.003,0.003,0.003,0.003,0.003,,
33960,0.003,0.003,0.003,0.003,0.003,,
34020,0.003,0.003,0.003,0.003,0.003,,
34080,0.003,0.003,0.003,0.003,0.003,,
34140,0.003,0.003,0.003,0.003,0.003,,
34200,0.003,0.003,0.003,0.003,0.003,,
34260,0.003,0.003,0.003,0.003,0.003,,
34320,0.003,0.003,0.003,0.003,0.003,,
34380,0.003,0.003,0.003,0.003,0.003,,
34440,0.003,0.003,0.003,0.003,0.003,,
34500,0.003,0.003,0.003,0.003,0.003,,
34560,0.003,0.003,0.003,0.003,0.003,,
34620,0.003,0.003,0.003,0.003,0.003,,
34680,0.003,0.003,0.003,0.003,0.003,,
34740,0.003,0.003,0.003,0.003,0.003,,
34800,0.003,0.003,0.003,0.003,0.003,,
34860,0.003,0.003,0.003,0.003,0.003,,
34920,0.003,0.003,0.003,0.003,0.003,,
34980,0.002,0.002,0.002,0.002,0.002,,
35040,0.003,0.003,0.003,0.003,0.003,,
35100,0.003,0.003,0.003,0.003,0.003,,
35160,0.003,0.003,0.003,0.003,0.003,,
35220,0.002,0.002,0.002,0.002,0.002,,
35280,0.003,0.003,0.003,0.003,0.003,,
35340,0.002,0.002,0.002,0.002,0.002,,
35400,0.002,0.002,0.002,0.002,0.002,,
35460,0.003,0.003,0.003,0.003,0.003,,
35520,0.002,0.002,0.002,0.002,0.002,,
35580,0.002,0.002,0.002,0.002,0.002,,
35640,0.002,0.002,0.002,0.002,0.002,,
35700,0.002,0.002,0.002,0.002,0.002,,
35760,0.002,0.002,0.002,0.002,0.002,,
35820,0.002,0.002,0.002,0.002,0.002,,
35880,0.002,0.002,0.002,0.002,0.002,,
35940,0.002,0.002,0.002,0.002,0.002,,
36000,0.002,0.002,0.002,0.002,0.002,,
36060,0.002,0.002,0.002,0.002,0.002,,
36120,0.002,0.002,0.002,0.002,0.002,,
36180,0.002,0.002,0.002,0.002,0.002,,
36240,0.002,0.002,0.002,0.002,0.002,,
36300,0.002,0.002,0.002,0.002,0.002,,
36360,0.002,0.002,0.002,0.002,0.002,,
36420,0.002,0.002,0.002,0.002,0.002,,
36480,0.002,0.002,0.002,0.002,0.002,,
36540,0.002,0.002,0.002,0.002,0.002,,
36600,0.002,0.002,0.002,0.002,0.002,,
36660,0.002,0.002,0.002,0.002,0.002,,
36720,0.002,0.002,0.002,0.002,0.002,,
36780,0.002,0.002,0.002,0.002,0.002,,
36840,0.002,0.002,0.002,0.002,0.002,,
36900,0.002,0.002,0.002,0.002,0.002,,
36960,0.002,0.002,0.002,0.002,0.002,,
37020,0.002,0.002,0.002,0.002,0.002,,
37080,0.002,0.002,0.002,0.002,0.002,,
37140,0.002,0.002,0.002,0.002,0.002,,
37200,0.002,0.002,0.002,0.002,0.002,,
37260,0.002,0.002,0.002,0.002,0.002,,
37320,0.002,0.002,0.002,0.002,0.002,,
37380,0.002,0.002,0.002,0.002,0.002,,
37440,0.002,0.002,0.002,0.002,0.002,,
37500,0.002,0.002,0.002,0.002,0.002,,
37560,0.002,0.002,0.002,0.002,0.002,,
37620,0.002,0.002,0.002,0.002,0.002,,
37680,0.002,0.002,0.002,0.002,0.002,,
37740,0.001,0.001,0.001,0.001,0.001,,
37800,0.001,0.001,0.001,0.001,0.001,,
37860,0.001,0.001,0.001,0.001,0.001,,
37920,0.001,0.001,0.001,0.001,0.001,,
37980,0.001,0.001,0.001,0.001,0.001,,
38040,0.001,0.001,0.001,0.001,0.001,,
38100,0.001,0.001,0.001,0.001,0.001,,
38160,0.001,0.001,0.001,0.001,0.001,,
38220,0.001,0.001,0.001,0.001,0.001,,
38280,0.001,0.001,0.001,0.001,0.001,,
38340,0.001,0.001,0.001,0.001,0.001,,
38400,0.001,0.001,0.001,0.001,0.001,,
38460,0.001,0.001,0.001,0.001,0.001,,
38520,0.001,0.001,0.001,0.001,0.001,,
38580,0.001,0.001,0.001,0.001,0.001,,
38640,0.001,0.001,0.001,0.001,0.001,,
38700,0.001,0.001,0.001,0.001,0.001,,
38760,0.001,0.001,0.001,0.001,0.001,,
38820,0.001,0.001,0.001,0.001,0.001,,
38880,0.001,0.001,0.001,0.001,0.001,,
38940,0.001,0.001,0.001,0.001,0.001,,
39000,0.001,0.001,0.001,0.001,0.001,,
39060,0.001,0.001,0.001,0.001,0.001,,
39120,0.001,0.001,0.001,0.001,0.001,,
39180,0.001,0.001,0.001,0.001,0.001,,
39240,0.001,0.001,0.001,0.001,0.001,,
39300,0.001,0.001,0.001,0.001,0.001,,
39360,0.001,0.001,0.001,0.001,0.001,,
39420,0.001,0.001,0.001,0.001,0.001,,
39480,0.001,0.001,0.001,0.001,0.001,,
39540,0.001,0.001,0.001,0.001,0.001,,
39600,0.001,0.001,0.001,0.001,0.001,,
39660,0.001,0.001,0.001,0.001,0.001,,
39720,0.001,0.001,0.001,0.001,0.001,,
39780,0.001,0.001,0.001,0.001,0.001,,
39840,0.001,0.001,0.001,0.001,0.001,,
39900,0.001,0.001,0.001,0.001,0.001,,
39960,0.001,0.001,0.001,0.001,0.001,,
40020,0.001,0.001,0.001,0.001,0.001,,
40080,0.001,0.001,0.001,0.001,0.001,,
40140,0.001,0.001,0.001,0.001,0.001,,
40200,0.001,0.001,0.001,0.001,0.001,,
40260,0.001,0.001,0.001,0.001,0.001,,
40320,0.001,0.001,0.001,0.001,0.001,,
40380,0.001,0.001,0.001,0.001,0.001,,
40440,0.001,0.001,0.001,0.001,0.001,,
40500,0.001,0.001,0.001,0.001,0.001,,
40560,0.001,0.001,0.001,0.001,0.001,,
40620,0.001,0.001,0.001,0.001,0.001,,
40680,0.001,0.001,0.001,0.001,0.001,,
40740,0.001,0.001,0.001,0.001,0.001,,
40800,0.001,0.001,0.001,0.001,0.001,,
40860,0.001,0.001,0.001,0.001,0.001,,
40920,0.001,0.001,0.001,0.001,0.001,,
40980,0.001,0.001,0.001,0.001,0.001,,
41040,0.001,0.001,0.001,0.001,0.001,,
41100,0.001,0.001,0.001,0.001,0.001,,
41160,0.001,0.001,0.001,0.001,0.001,,
41220,0.001,0.001,0.001,0.001,0.001,,
41280,0.001,0.001,0.001,0.001,0.001,,
41340,0.001,0.001,0.001,0.001,0.001,,
41400,0.001,0.001,0.001,0.001,0.001,,
41460,0.001,0.001,0.001,0.001,0.001,,
41520,0.001,0.001,0.001,0.001,0.001,,
41580,0.001,0.001,0.001,0.001,0.001,,
41640,0.001,0.001,0.001,0.001,0.001,,
41700,0.001,0.001,0.001,0.001,0.001,,
41760,0.001,0.001,0.001,0.001,0.001,,
41820,0.001,0.001,0.001,0.001,0.001,,
41880,0.001,0.001,0.001,0.001,0.001,,
41940,0.001,0.001,0.001,0.001,0.001,,
42000,0.001,0.001,0.001,0.001,0.001,,
42060,0.001,0.001,0.001,0.001,0.001,,
42120,0.001,0.001,0.001,0.001,0.001,,
42180,0.001,0.001,0.001,0.001,0.001,,
42240,0.001,0.001,0.001,0.001,0.001,,
42300,0.001,0.001,0.001,0.001,0.001,,
42360,0.001,0.001,0.001,0.001,0.001,,
42420,0.001,0.001,0.001,0.001,0.001,,
42480,0.001,0.001,0.001,0.001,0.001,,
42540,0.001,0.001,0.001,0.001,0.001,,
42600,0.001,0.001,0.001,0.001,0.001,,
42660,0.001,0.001,0.001,0.001,0.001,,
42720,0.001,0.001,0.001,0.001,0.001,,
42780,0.001,0.001,0.001,0.001,0.001,,
42840,0.001,0.001,0.001,0.001,0.001,,
42900,0.001,0.001,0.001,0.001,0.001,,
42960,0.001,0.001,0.001,0.001,0.001,,
43020,0.001,0.001,0.001,0.001,0.001,,
43080,0.001,0.001,0.001,0.001,0.001,,
43140,0.001,0.001,0.001,0.001,0.001,,
43200,0.001,0.001,0.001,0.001,0.001,,
43260,0.001,0.001,0.001,0.001,0.001,,
43320,0.001,0.001,0.001,0.001,0.001,,
43380,0.001,0.001,0.001,0.001,0.001,,
43440,0.000,0.000,0.000,0.000,0.000,,
43500,0.000,0.000,0.000,0.000,0.000,,
43560,0.016,0.016,0.016,0.016,0.016,,
43620,0.467,0.468,0.468,0.469,0.469,,
43680,0.375,0.376,0.376,0.376,0.376,,
43740,0.248,0.248,0.249,0.249,0.249,,
43800,0.182,0.183,0.183,0.183,0.183,,
43860,0.184,0.185,0.185,0.185,0.185,,
43920,0.181,0.181,0.181,0.181,0.181,,
43980,0.172,0.173,0.173,0.173,0.173,,
44040,0.165,0.165,0.165,0.166,0.166,,
44100,0.159,0.160,0.160,0.160,0.160,,
44160,0.156,0.157,0.157,0.157,0.157,,
44220,0.149,0.150,0.150,0.150,0.150,,
44280,0.143,0.144,0.144,0.144,0.144,,
44340,0.139,0.139,0.140,0.140,0.140,,
44400,0.133,0.134,0.134,0.134,0.134,,
44460,0.129,0.130,0.130,0.130,0.130,,
44520,0.124,0.125,0.125,0.125,0.125,,
44580,0.121,0.121,0.121,0.121,0.121,,
44640,0.116,0.117,0.117,0.117,0.117,,
44700,0.113,0.113,0.113,0.113,0.113,,
44760,0.109,0.109,0.109,0.109,0.109,,
44820,0.105,0.106,0.106,0.106,0.106,,
44880,0.101,0.101,0.101,0.101,0.101,,
44940,0.098,0.099,0.099,0.099,0.099,,
45000,0.096,0.096,0.096,0.096,0.096,,
45060,0.092,0.093,0.093,0.093,0.093,,
45120,0.089,0.090,0.090,0.090,0.090,,
45180,0.086,0.087,0.087,0.087,0.087,,
45240,0.082,0.083,0.083,0.083,0.083,,
45300,0.080,0.080,0.080,0.080,0.080,,
45360,0.078,0.078,0.078,0.078,0.078,,
45420,0.075,0.076,0.076,0.076,0.076,,
45480,0.073,0.073,0.073,0.073,0.073,,
45540,0.072,0.072,0.072,0.072,0.072,,
45600,0.069,0.069,0.069,0.069,0.069,,
45660,0.067,0.067,0.067,0.067,0.067,,
45720,0.065,0.065,0.065,0.065,0.065,,
45780,0.063,0.064,0.064,0.064,0.064,,
45840,0.060,0.060,0.060,0.060,0.060,,
45900,0.059,0.059,0.059,0.059,0.059,,
45960,0.056,0.057,0.057,0.057,0.057,,
46020,0.055,0.055,0.055,0.055,0.055,,
46080,0.053,0.054,0.054,0.054,0.054,,
46140,0.051,0.052,0.052,0.052,0.052,,
46200,0.050,0.050,0.050,0.050,0.050,,
46260,0.049,0.049,0.049,0.049,0.049,,
46320,0.047,0.047,0.047,0.047,0.047,,
46380,0.045,0.045,0.045,0.045,0.045,,
46440,0.045,0.045,0.045,0.045,0.045,,
46500,0.043,0.043,0.043,0.043,0.043,,
46560,0.042,0.042,0.042,0.042,0.042,,
46620,0.040,0.041,0.041,0.041,0.041,,
46680,0.040,0.040,0.040,0.040,0.040,,
46740,0.038,0.039,0.039,0.039,0.039,,
46800,0.037,0.037,0.037,0.037,0.037,,
46860,0.035,0.035,0.035,0.035,0.035,,
46920,0.035,0.036,0.036,0.036,0.036,,
46980,0.034,0.034,0.034,0.034,0.034,,
47040,0.033,0.033,0.033,0.033,0.033,,
47100,0.032,0.032,0.032,0.032,0.032,,
47160,0.031,0.031,0.031,0.031,0.031,,
47220,0.030,0.030,0.030,0.030,0.030,,
47280,0.029,0.029,0.029,0.029,0.029,,
47340,0.029,0.029,0.029,0.029,0.029,,
47400,0.029,0.029,0.029,0.029,0.029,,
47460,0.027,0.028,0.028,0.028,0.028,,
47520,0.027,0.027,0.027,0.027,0.027,,
47580,0.026,0.027,0.027,0.027,0.027,,
47640,0.026,0.026,0.026,0.026,0.026,,
47700,0.024,0.025,0.025,0.025,0.025,,
47760,0.024,0.024,0.024,0.024,0.024,,
47820,0.024,0.024,0.024,0.024,0.024,,
47880,0.023,0.023,0.023,0.023,0.023,,
47940,0.022,0.022,0.022,0.022,0.022,,
48000,0.021,0.022,0.022,0.022,0.022,,
48060,0.021,0.021,0.021,0.021,0.021,,
48120,0.021,0.021,0.021,0.021,0.021,,
48180,0.020,0.020,0.020,0.020,0.020,,
48240,0.020,0.020,0.020,0.020,0.020,,
48300,0.019,0.019,0.019,0.019,0.019,,
48360,0.019,0.019,0.019,0.019,0.019,,
48420,0.018,0.019,0.019,0.019,0.019,,
48480,0.018,0.018,0.018,0.018,0.018,,
48540,0.018,0.018,0.018,0.018,0.018,,
48600,0.017,0.018,0.018,0.018,0.018,,
48660,0.017,0.017,0.017,0.017,0.017,,
48720,0.016,0.016,0.016,0.016,0.016,,
48780,0.016,0.016,0.016,0.016,0.016,,
48840,0.016,0.016,0.016,0.016,0.016,,
48900,0.016,0.016,0.016,0.016,0.016,,
48960,0.015,0.015,0.015,0.015,0.015,,
49020,0.015,0.015,0.015,0.015,0.015,,
49080,0.014,0.015,0.015,0.015,0.015,,
49140,0.015,0.015,0.015,0.015,0.015,,
49200,0.014,0.014,0.014,0.014,0.014,,
49260,0.014,0.014,0.014,0.014,0.014,,
49320,0.013,0.014,0.014,0.014,0.014,,
49380,0.013,0.013,0.013,0.013,0.013,,
49440,0.013,0.013,0.013,0.013,0.013,,
49500,0.012,0.013,0.013,0.013,0.013,,
49560,0.012,0.012,0.012,0.012,0.012,,
49620,0.012,0.012,0.012,0.012,0.012,,
49680,0.012,0.012,0.012,0.012,0.012,,
49740,0.011,0.012,0.012,0.012,0.012,,
49800,0.012,0.012,0.012,0.012,0.012,,
49860,0.011,0.011,0.011,0.011,0.011,,
49920,0.011,0.011,0.011,0.011,0.011,,
49980,0.011,0.011,0.011,0.011,0.011,,
50040,0.010,0.010,0.010,0.010,0.010,,
50100,0.010,0.010,0.010,0.010,0.010,,
50160,0.010,0.010,0.010,0.010,0.010,,
50220,0.010,0.010,0.010,0.010,0.010,,
50280,0.010,0.010,0.010,0.010,0.010,,
50340,0.009,0.009,0.009,0.009,0.009,,
50400,0.009,0.009,0.009,0.009,0.009,,
50460,0.009,0.009,0.009,0.009,0.009,,
50520,0.009,0.009,0.009,0.009,0.009,,
50580,0.009,0.009,0.009,0.009,0.009,,
50640,0.009,0.009,0.009,0.009,0.009,,
50700,0.008,0.009,0.009,0.009,0.009,,
50760,0.008,0.008,0.008,0.008,0.008,,
50820,0.008,0.008,0.008,0.008,0.008,,
50880,0.008,0.008,0.008,0.008,0.008,,
50940,0.008,0.008,0.008,0.008,0.008,,
51000,0.008,0.008,0.008,0.008,0.008,,
51060,0.007,0.007,0.007,0.007,0.007,,
51120,0.007,0.007,0.007,0.007,0.007,,
51180,0.007,0.007,0.007,0.007,0.007,,
51240,0.007,0.007,0.007,0.007,0.007,,
51300,0.007,0.007,0.007,0.007,0.007,,
51360,0.007,0.007,0.007,0.007,0.007,,
51420,0.006,0.006,0.006,0.006,0.006,,
51480,0.007,0.007,0.007,0.007,0.007,,
51540,0.006,0.006,0.006,0.006,0.006,,
51600,0.006,0.006,0.006,0.006,0.006,,
51660,0.006,0.006,0.006,0.006,0.006,,
51720,0.006,0.006,0.006,0.006,0.006,,
51780,0.006,0.006,0.006,0.006,0.006,,
51840,0.006,0.006,0.006,0.006,0.006,,
51900,0.006,0.006,0.006,0.006,0.006,,
51960,0.006,0.006,0.006,0.006,0.006,,
52020,0.006,0.006,0.006,0.006,0.006,,
52080,0.006,0.006,0.006,0.006,0.006,,
52140,0.005,0.005,0.005,0.005,0.005,,
52200,0.005,0.005,0.005,0.005,0.005,,
52260,0.005,0.005,0.005,0.005,0.005,,
52320,0.005,0.005,0.005,0.005,0.005,,
52380,0.005,0.005,0.005,0.005,0.005,,
52440,0.005,0.005,0.005,0.005,0.005,,
52500,0.005,0.005,0.005,0.005,0.005,,
52560,0.005,0.005,0.005,0.005,0.005,,
52620,0.005,0.005,0.005,0.005,0.005,,
52680,0.005,0.005,0.005,0.005,0.005,,
52740,0.005,0.005,0.005,0.005,0.005,,
52800,0.004,0.005,0.005,0.005,0.005,,
52860,0.005,0.005,0.005,0.005,0.005,,
52920,0.004,0.004,0.004,0.004,0.004,,
52980,0.004,0.004,0.004,0.004,0.004,,
53040,0.004,0.004,0.004,0.004,0.004,,
53100,0.004,0.004,0.004,0.004,0.004,,
53160,0.004,0.004,0.004,0.004,0.004,,
53220,0.004,0.004,0.004,0.004,0.004,,
53280,0.004,0.004,0.004,0.004,0.004,,
53340,0.004,0.004,0.004,0.004,0.004,,
53400,0.004,0.004,0.004,0.004,0.004,,
53460,0.004,0.004,0.004,0.004,0.004,,
53520,0.004,0.004,0.004,0.004,0.004,,
53580,0.004,0.004,0.004,0.004,0.004,,
53640,0.004,0.004,0.004,0.004,0.004,,
53700,0.003,0.003,0.003,0.003,0.003,,
53760,0.003,0.003,0.003,0.003,0.003,,
53820,0.003,0.003,0.003,0.003,0.003,,
53880,0.003,0.003,0.003,0.003,0.003,,
53940,0.003,0.003,0.003,0.003,0.003,,
54000,0.003,0.003,0.003,0.003,0.003,,
54060,0.003,0.003,0.003,0.003,0.003,,
54120,0.003,0.003,0.003,0.003,0.003,,
54180,0.003,0.003,0.003,0.003,0.003,,
54240,0.003,0.003,0.003,0.003,0.003,,
54300,0.003,0.003,0.003,0.003,0.003,,
54360,0.003,0.003,0.003,0.003,0.003,,
54420,0.003,0.003,0.003,0.003,0.003,,
54480,0.003,0.003,0.003,0.003,0.003,,
54540,0.003,0.003,0.003,0.003,0.003,,
54600,0.003,0.003,0.003,0.003,0.003,,
54660,0.003,0.003,0.003,0.003,0.003,,
54720,0.003,0.003,0.003,0.003,0.003,,
54780,0.003,0.003,0.003,0.003,0.003,,
54840,0.003,0.003,0.003,0.003,0.003,,
54900,0.003,0.003,0.003,0.003,0.003,,
54960,0.003,0.003,0.003,0.003,0.003,,
55020,0.003,0.003,0.003,0.003,0.003,,
55080,0.003,0.003,0.003,0.003,0.003,,
55140,0.003,0.003,0.003,0.003,0.003,,
55200,0.002,0.002,0.002,0.002,0.002,,
55260,0.002,0.002,0.002,0.002,0.002,,
55320,0.003,0.003,0.003,0.003,0.003,,
55380,0.002,0.002,0.002,0.002,0.002,,
55440,0.002,0.002,0.002,0.002,0.002,,
55500,0.002,0.002,0.002,0.002,0.002,,
55560,0.002,0.002,0.002,0.002,0.002,,
55620,0.002,0.002,0.002,0.002,0.002,,
55680,0.002,0.002,0.002,0.002,0.002,,
55740,0.002,0.002,0.002,0.002,0.002,,
55800,0.002,0.002,0.002,0.002,0.002,,
55860,0.002,0.002,0.002,0.002,0.002,,
55920,0.002,0.002,0.002,0.002,0.002,,
55980,0.002,0.002,0.002,0.002,0.002,,
56040,0.002,0.002,0.002,0.002,0.002,,
56100,0.002,0.002,0.002,0.002,0.002,,
56160,0.002,0.002,0.002,0.002,0.002,,
56220,0.002,0.002,0.002,0.002,0.002,,
56280,0.002,0.002,0.002,0.002,0.002,,
56340,0.002,0.002,0.002,0.002,0.002,,
56400,0.002,0.002,0.002,0.002,0.002,,
56460,0.002,0.002,0.002,0.002,0.002,,
56520,0.002,0.002,0.002,0.002,0.002,,
56580,0.002,0.002,0.002,0.002,0.002,,
56640,0.002,0.002,0.002,0.002,0.002,,
56700,0.002,0.002,0.002,0.002,0.002,,
56760,0.002,0.002,0.002,0.002,0.002,,
56820,0.002,0.002,0.002,0.002,0.002,,
56880,0.002,0.002,0.002,0.002,0.002,,
56940,0.002,0.002,0.002,0.002,0.002,,
57000,0.002,0.002,0.002,0.002,0.002,,
57060,0.002,0.002,0.002,0.002,0.002,,
57120,0.002,0.002,0.002,0.002,0.002,,
57180,0.002,0.002,0.002,0.002,0.002,,
57240,0.002,0.002,0.002,0.002,0.002,,
57300,0.002,0.002,0.002,0.002,0.002,,
57360,0.002,0.002,0.002,0.002,0.002,,
57420,0.002,0.002,0.002,0.002,0.002,,
57480,0.002,0.002,0.002,0.002,0.002,,
57540,0.002,0.002,0.002,0.002,0.002,,
57600,0.002,0.002,0.002,0.002,0.002,,
57660,0.002,0.002,0.002,0.002,0.002,,
57720,0.002,0.002,0.002,0.002,0.002,,
57780,0.002,0.002,0.002,0.002,0.002,,
57840,0.002,0.002,0.002,0.002,0.002,,
57900,0.002,0.002,0.002,0.002,0.002,,
57960,0.002,0.002,0.002,0.002,0.002,,
58020,0.002,0.002,0.002,0.002,0.002,,
58080,0.002,0.002,0.002,0.002,0.002,,
58140,0.002,0.002,0.002,0.002,0.002,,
58200,0.001,0.001,0.001,0.001,0.001,,
58260,0.002,0.002,0.002,0.002,0.002,,
58320,0.002,0.002,0.002,0.002,0.002,,
58380,0.002,0.002,0.002,0.002,0.002,,
58440,0.002,0.002,0.002,0.002,0.002,,
58500,0.001,0.002,0.002,0.002,0.002,,
58560,0.002,0.002,0.002,0.002,0.002,,
58620,0.002,0.002,0.002,0.002,0.002,,
58680,0.002,0.002,0.002,0.002,0.002,,
58740,0.001,0.001,0.001,0.001,0.001,,
58800,0.001,0.001,0.001,0.001,0.001,,
58860,0.001,0.002,0.002,0.002,0.002,,
58920,0.001,0.001,0.001,0.001,0.001,,
58980,0.001,0.001,0.001,0.001,0.001,,
59040,0.001,0.001,0.001,0.001,0.001,,
59100,0.001,0.001,0.001,0.001,0.001,,
59160,0.001,0.001,0.001,0.001,0.001,,
59220,0.001,0.001,0.001,0.001,0.001,,
59280,0.001,0.001,0.001,0.001,0.001,,
59340,0.001,0.001,0.001,0.001,0.001,,
59400,0.001,0.001,0.001,0.001,0.001,,
59460,0.001,0.001,0.001,0.001,0.001,,
59520,0.001,0.001,0.001,0.001,0.001,,
59580,0.001,0.001,0.001,0.001,0.001,,
59640,0.001,0.001,0.001,0.001,0.001,,
59700,0.001,0.001,0.001,0.001,0.001,,
59760,0.001,0.001,0.001,0.001,0.001,,
59820,0.001,0.001,0.001,0.001,0.001,,
59880,0.001,0.001,0.001,0.001,0.001,,
59940,0.001,0.001,0.001,0.001,0.001,,
60000,0.001,0.001,0.001,0.001,0.001,,
60060,0.001,0.001,0.001,0.001,0.001,,
60120,0.001,0.001,0.001,0.001,0.001,,
60180,0.001,0.001,0.001,0.001,0.001,,
60240,0.001,0.001,0.001,0.001,0.001,,
60300,0.001,0.001,0.001,0.001,0.001,,
60360,0.001,0.001,0.001,0.001,0.001,,
60420,0.001,0.001,0.001,0.001,0.001,,
60480,0.001,0.001,0.001,0.001,0.001,,
60540,0.001,0.001,0.001,0.001,0.001,,
60600,0.001,0.001,0.001,0.001,0.001,,
60660,0.001,0.001,0.001,0.001,0.001,,
60720,0.001,0.001,0.001,0.001,0.001,,
60780,0.001,0.001,0.001,0.001,0.001,,
60840,0.001,0.001,0.001,0.001,0.001,,
60900,0.001,0.001,0.001,0.001,0.001,,
60960,0.001,0.001,0.001,0.001,0.001,,
61020,0.001,0.001,0.001,0.001,0.001,,
61080,0.001,0.001,0.001,0.001,0.001,,
61140,0.001,0.001,0.001,0.001,0.001,,
61200,0.001,0.001,0.001,0.001,0.001,,
61260,0.001,0.001,0.001,0.001,0.001,,
61320,0.001,0.001,0.001,0.001,0.001,,
61380,0.001,0.001,0.001,0.001,0.001,,
61440,0.001,0.001,0.001,0.001,0.001,,
61500,0.001,0.001,0.001,0.001,0.001,,
61560,0.001,0.001,0.001,0.001,0.001,,
61620,0.001,0.001,0.001,0.001,0.001,,
61680,0.001,0.001,0.001,0.001,0.001,,
61740,0.001,0.001,0.001,0.001,0.001,,
61800,0.001,0.001,0.001,0.001,0.001,,
61860,0.001,0.001,0.001,0.001,0.001,,
61920,0.001,0.001,0.001,0.001,0.001,,
61980,0.001,0.001,0.001,0.001,0.001,,
62040,0.001,0.001,0.001,0.001,0.001,,
62100,0.001,0.001,0.001,0.001,0.001,,
62160,0.001,0.001,0.001,0.001,0.001,,
62220,0.001,0.001,0.001,0.001,0.001,,
62280,0.001,0.001,0.001,0.001,0.001,,
62340,0.001,0.001,0.001,0.001,0.001,,
62400,0.001,0.001,0.001,0.001,0.001,,
62460,0.001,0.001,0.001,0.001,0.001,,
62520,0.001,0.001,0.001,0.001,0.001,,
62580,0.001,0.001,0.001,0.001,0.001,,
62640,0.001,0.001,0.001,0.001,0.001,,
62700,0.001,0.001,0.001,0.001,0.001,,
62760,0.001,0.001,0.001,0.001,0.001,,
62820,0.001,0.001,0.001,0.001,0.001,,
62880,0.001,0.001,0.001,0.001,0.001,,
62940,0.001,0.001,0.001,0.001,0.001,,
63000,0.001,0.001,0.001,0.001,0.001,,
63060,0.001,0.001,0.001,0.001,0.001,,
63120,0.001,0.001,0.001,0.001,0.001,,
63180,0.001,0.001,0.001,0.001,0.001,,
63240,0.001,0.001,0.001,0.001,0.001,,
63300,0.001,0.001,0.001,0.001,0.001,,
63360,0.001,0.001,0.001,0.001,0.001,,
63420,0.001,0.001,0.001,0.001,0.001,,
63480,0.001,0.001,0.001,0.001,0.001,,
63540,0.001,0.001,0.001,0.001,0.001,,
63600,0.001,0.001,0.001,0.001,0.001,,
63660,0.001,0.001,0.001,0.001,0.001,,
63720,0.001,0.001,0.001,0.001,0.001,,
63780,0.001,0.001,0.001,0.001,0.001,,
63840,0.001,0.001,0.001,0.001,0.001,,
63900,0.001,0.001,0.001,0.001,0.001,,
63960,0.001,0.001,0.001,0.001,0.001,,
64020,0.001,0.001,0.001,0.001,0.001,,
64080,0.001,0.001,0.001,0.001,0.001,,
64140,0.001,0.001,0.001,0.001,0.001,,
64200,0.001,0.001,0.001,0.001,0.001,,
64260,0.001,0.001,0.001,0.001,0.001,,
64320,0.001,0.001,0.001,0.001,0.001,,
64380,0.001,0.001,0.001,0.001,0.001,,
64440,0.001,0.001,0.001,0.001,0.001,,
64500,0.001,0.001,0.001,0.001,0.001,,
64560,0.001,0.001,0.001,0.001,0.001,,
64620,0.001,0.001,0.001,0.001,0.001,,
64680,0.001,0.001,0.001,0.001,0.001,,
64740,0.001,0.001,0.001,0.001,0.001,,
64800,0.001,0.001,0.001,0.001,0.001,,
64860,0.001,0.001,0.001,0.001,0.001,,
64920,0.001,0.001,0.001,0.001,0.001,,
64980,0.001,0.001,0.001,0.001,0.001,,
65040,0.001,0.001,0.001,0.001,0.001,,
65100,0.001,0.001,0.001,0.001,0.001,,
65160,0.001,0.001,0.001,0.001,0.001,,
65220,0.001,0.001,0.001,0.001,0.001,,
65280,0.001,0.001,0.001,0.001,0.001,,
65340,0.001,0.001,0.001,0.001,0.001,,
65400,0.001,0.001,0.001,0.001,0.001,,
65460,0.001,0.001,0.001,0.001,0.001,,
65520,0.001,0.001,0.001,0.001,0.001,,
65580,0.001,0.001,0.001,0.001,0.001,,
65640,0.001,0.001,0.001,0.001,0.001,,
65700,0.001,0.001,0.001,0.001,0.001,,
65760,0.001,0.001,0.001,0.001,0.001,,
65820,0.001,0.001,0.001,0.001,0.001,,
65880,0.001,0.001,0.001,0.001,0.001,,
65940,0.001,0.001,0.001,0.001,0.001,,
66000,0.001,0.001,0.001,0.001,0.001,,
66060,0.001,0.001,0.001,0.001,0.001,,
66120,0.001,0.001,0.001,0.001,0.001,,
66180,0.001,0.001,0.001,0.001,0.001,,
66240,0.001,0.001,0.001,0.001,0.001,,
66300,0.001,0.001,0.001,0.001,0.001,,
66360,0.001,0.001,0.001,0.001,0.001,,
66420,0.001,0.001,0.001,0.001,0.001,,
66480,0.001,0.001,0.001,0.001,0.001,,
66540,0.001,0.001,0.001,0.001,0.001,,
66600,0.001,0.001,0.001,0.001,0.001,,
66660,0.001,0.001,0.001,0.001,0.001,,
66720,0.001,0.001,0.001,0.001,0.001,,
66780,0.001,0.001,0.001,0.001,0.001,,
66840,0.001,0.001,0.001,0.001,0.001,,
66900,0.001,0.001,0.001,0.001,0.001,,
66960,0.001,0.001,0.001,0.001,0.001,,
67020,0.001,0.001,0.001,0.001,0.001,,
67080,0.001,0.001,0.001,0.001,0.001,,
67140,0.001,0.001,0.001,0.001,0.001,,
67200,0.001,0.001,0.001,0.001,0.001,,
67260,0.001,0.001,0.001,0.001,0.001,,
67320,0.001,0.001,0.001,0.001,0.001,,
67380,0.001,0.001,0.001,0.001,0.001,,
67440,0.001,0.001,0.001,0.001,0.001,,
67500,0.001,0.001,0.001,0.001,0.001,,
67560,0.001,0.001,0.001,0.001,0.001,,
67620,0.001,0.001,0.001,0.001,0.001,,
67680,0.001,0.001,0.001,0.001,0.001,,
67740,0.001,0.001,0.001,0.001,0.001,,
67800,0.001,0.001,0.001,0.001,0.001,,
67860,0.001,0.001,0.001,0.001,0.001,,
67920,0.001,0.001,0.001,0.001,0.001,,
67980,0.001,0.001,0.001,0.001,0.001,,
68040,0.001,0.001,0.001,0.001,0.001,,
68100,0.001,0.001,0.001,0.001,0.001,,
68160,0.001,0.001,0.001,0.001,0.001,,
68220,0.001,0.001,0.001,0.001,0.001,,
68280,0.001,0.001,0.001,0.001,0.001,,
68340,0.001,0.001,0.001,0.001,0.001,,
68400,0.001,0.001,0.001,0.001,0.001,,
68460,0.001,0.001,0.001,0.001,0.001,,
68520,0.001,0.001,0.001,0.001,0.001,,
68580,0.001,0.001,0.001,0.001,0.001,,
68640,0.001,0.001,0.001,0.001,0.001,,
68700,0.001,0.001,0.001,0.001,0.001,,
68760,0.001,0.001,0.001,0.001,0.001,,
68820,0.001,0.001,0.001,0.001,0.001,,
68880,0.001,0.001,0.001,0.001,0.001,,
68940,0.001,0.001,0.001,0.001,0.001,,
69000,0.001,0.001,0.001,0.001,0.001,,
69060,0.001,0.001,0.001,0.001,0.001,,
69120,0.001,0.001,0.001,0.001,0.001,,
69180,0.001,0.001,0.001,0.001,0.001,,
69240,0.001,0.001,0.001,0.001,0.001,,
69300,0.001,0.001,0.001,0.001,0.001,,
69360,0.001,0.001,0.001,0.001,0.001,,
69420,0.001,0.001,0.001,0.001,0.001,,
69480,0.001,0.001,0.001,0.001,0.001,,
69540,0.001,0.001,0.001,0.001,0.001,,
69600,0.001,0.001,0.001,0.001,0.001,,
69660,0.001,0.001,0.001,0.001,0.001,,
69720,0.001,0.001,0.001,0.001,0.001,,
69780,0.001,0.001,0.001,0.001,0.001,,
69840,0.000,0.000,0.000,0.000,0.000,,
69900,0.001,0.001,0.001,0.001,0.001,,
69960,0.001,0.001,0.001,0.001,0.001,,
70020,0.000,0.001,0.001,0.001,0.001,,
70080,0.000,0.000,0.000,0.000,0.000,,
70140,0.001,0.001,0.001,0.001,0.001,,
70200,0.000,0.000,0.000,0.000,0.000,,
70260,0.000,0.000,0.000,0.000,0.000,,
70320,0.001,0.001,0.001,0.001,0.001,,
70380,0.000,0.000,0.000,0.000,0.000,,
70440,0.000,0.000,0.000,0.000,0.000,,
70500,0.000,0.001,0.001,0.001,0.001,,
70560,0.001,0.001,0.001,0.001,0.001,,
70620,0.000,0.000,0.000,0.000,0.000,,
70680,0.000,0.000,0.000,0.000,0.000,,
70740,0.000,0.000,0.000,0.000,0.000,,
70800,0.000,0.000,0.000,0.000,0.000,,
70860,0.001,0.001,0.001,0.001,0.001,,
70920,0.000,0.000,0.000,0.000,0.000,,
70980,0.001,0.001,0.001,0.001,0.001,,
71040,0.001,0.001,0.001,0.001,0.001,,
71100,0.001,0.001,0.001,0.001,0.001,,
71160,0.000,0.000,0.000,0.000,0.000,,
71220,0.001,0.001,0.001,0.001,0.001,,
71280,0.000,0.000,0.000,0.000,0.000,,
71340,0.000,0.000,0.000,0.000,0.000,,
71400,0.000,0.000,0.000,0.000,0.000,,
71460,0.000,0.000,0.000,0.000,0.000,,
71520,0.001,0.001,0.001,0.001,0.001,,
71580,0.000,0.000,0.000,0.000,0.000,,
71640,0.000,0.000,0.000,0.000,0.000,,
71700,0.000,0.000,0.000,0.000,0.000,,
71760,0.001,0.001,0.001,0.001,0.001,,
71820,0.000,0.000,0.000,0.000,0.000,,
71880,0.000,0.000,0.000,0.000,0.000,,
71940,0.000,0.000,0.000,0.000,0.000,,
72000,0.001,0.001,0.001,0.001,0.001,,
72060,0.000,0.000,0.000,0.000,0.000,,
72120,0.001,0.001,0.001,0.001,0.001,,
72180,0.000,0.000,0.000,0.000,0.000,,
72240,0.000,0.000,0.000,0.000,0.000,,
72300,0.000,0.000,0.000,0.000,0.000,,
72360,0.000,0.000,0.000,0.000,0.000,,
72420,0.001,0.001,0.001,0.001,0.001,,
72480,0.000,0.000,0.000,0.000,0.000,,
72540,0.000,0.000,0.000,0.000,0.000,,
72600,0.001,0.001,0.001,0.001,0.001,,
72660,0.000,0.000,0.000,0.000,0.000,,
72720,0.000,0.000,0.000,0.000,0.000,,
72780,0.001,0.001,0.001,0.001,0.001,,
72840,0.000,0.000,0.000,0.000,0.000,,
72900,0.001,0.001,0.001,0.001,0.001,,
72960,0.001,0.001,0.001,0.001,0.001,,
73020,0.001,0.001,0.001,0.001,0.001,,
73080,0.001,0.001,0.001,0.001,0.001,,
73140,0.001,0.001,0.001,0.001,0.001,,
73200,0.000,0.001,0.001,0.001,0.001,,
73260,0.001,0.001,0.001,0.001,0.001,,
73320,0.001,0.001,0.001,0.001,0.001,,
73380,0.001,0.001,0.001,0.001,0.001,,
73440,0.000,0.000,0.000,0.000,0.000,,
73500,0.000,0.000,0.000,0.000,0.000,,
73560,0.000,0.000,0.000,0.000,0.000,,
73620,0.001,0.001,0.001,0.001,0.001,,
73680,0.001,0.001,0.001,0.001,0.001,,
73740,0.001,0.001,0.001,0.001,0.001,,
73800,0.000,0.000,0.000,0.000,0.000,,
73860,0.001,0.001,0.001,0.001,0.001,,
73920,0.001,0.001,0.001,0.001,0.001,,
73980,0.001,0.001,0.001,0.001,0.001,,
74040,0.000,0.000,0.000,0.000,0.000,,
74100,0.000,0.000,0.000,0.000,0.000,,
74160,0.001,0.001,0.001,0.001,0.001,,
74220,0.001,0.001,0.001,0.001,0.001,,
74280,0.000,0.000,0.000,0.000,0.000,,
74340,0.001,0.001,0.001,0.001,0.001,,
74400,0.001,0.001,0.001,0.001,0.001,,
74460,0.001,0.001,0.001,0.001,0.001,,
74520,0.000,0.001,0.001,0.001,0.001,,
74580,0.001,0.001,0.001,0.001,0.001,,
74640,0.001,0.001,0.001,0.001,0.001,,
74700,0.001,0.001,0.001,0.001,0.001,,
74760,0.001,0.001,0.001,0.001,0.001,,
74820,0.001,0.001,0.001,0.001,0.001,,
74880,0.000,0.000,0.000,0.000,0.000,,
74940,0.000,0.000,0.000,0.000,0.000,,
75000,0.000,0.000,0.000,0.000,0.000,,
75060,0.000,0.001,0.001,0.001,0.001,,
75120,0.000,0.000,0.000,0.000,0.000,,
75180,0.000,0.000,0.000,0.000,0.000,,
75240,0.001,0.001,0.001,0.001,0.001,,
75300,0.001,0.001,0.001,0.001,0.001,,
75360,0.000,0.000,0.000,0.000,0.000,,
75420,0.001,0.001,0.001,0.001,0.001,,
75480,0.000,0.000,0.000,0.000,0.000,,
75540,0.001,0.001,0.001,0.001,0.001,,
75600,0.001,0.001,0.001,0.001,0.001,,
75660,0.001,0.001,0.001,0.001,0.001,,
75720,0.001,0.001,0.001,0.001,0.001,,
75780,0.000,0.000,0.000,0.000,0.000,,
75840,0.001,0.001,0.001,0.001,0.001,,
75900,0.000,0.001,0.001,0.001,0.001,,
75960,0.001,0.001,0.001,0.001,0.001,,
76020,0.000,0.000,0.000,0.000,0.000,,
76080,0.000,0.001,0.001,0.001,0.001,,
76140,0.000,0.001,0.001,0.001,0.001,,
76200,0.001,0.001,0.001,0.001,0.001,,
76260,0.001,0.001,0.001,0.001,0.001,,
76320,0.000,0.000,0.000,0.000,0.000,,
76380,0.000,0.000,0.000,0.000,0.000,,
76440,0.001,0.001,0.001,0.001,0.001,,
76500,0.001,0.001,0.001,0.001,0.001,,
76560,0.000,0.001,0.001,0.001,0.001,,
76620,0.001,0.001,0.001,0.001,0.001,,
76680,0.000,0.000,0.000,0.000,0.000,,
76740,0.000,0.000,0.000,0.000,0.000,,
76800,0.000,0.000,0.000,0.000,0.000,,
76860,0.000,0.000,0.000,0.000,0.000,,
76920,0.000,0.000,0.000,0.000,0.000,,
76980,0.000,0.000,0.000,0.000,0.000,,
77040,0.000,0.000,0.000,0.000,0.000,,
77100,0.000,0.000,0.000,0.000,0.000,,
77160,0.000,0.000,0.000,0.000,0.000,,
77220,0.000,0.000,0.000,0.000,0.000,,
77280,0.000,0.000,0.000,0.000,0.000,,
77340,0.000,0.000,0.000,0.000,0.000,,
77400,0.000,0.000,0.000,0.000,0.000,,
77460,0.000,0.000,0.000,0.000,0.000,,
77520,0.000,0.000,0.000,0.000,0.000,,
77580,0.000,0.000,0.000,0.000,0.000,,
77640,0.000,0.000,0.000,0.000,0.000,,
77700,0.000,0.000,0.000,0.000,0.000,,
77760,0.000,0.000,0.000,0.000,0.000,,
77820,0.000,0.000,0.000,0.000,0.000,,
77880,0.000,0.000,0.000,0.000,0.000,,
77940,0.000,0.000,0.000,0.000,0.000,,
78000,0.000,0.000,0.000,0.000,0.000,,
78060,0.000,0.000,0.000,0.000,0.000,,
78120,0.000,0.000,0.000,0.000,0.000,,
78180,0.000,0.000,0.000,0.000,0.000,,
78240,0.000,0.000,0.000,0.000,0.000,,
78300,0.000,0.000,0.000,0.000,0.000,,
78360,0.000,0.000,0.000,0.000,0.000,,
78420,0.000,0.000,0.000,0.000,0.000,,
78480,0.000,0.000,0.000,0.000,0.000,,
78540,0.000,0.000,0.000,0.000,0.000,,
78600,0.000,0.000,0.000,0.000,0.000,,
78660,0.000,0.000,0.000,0.000,0.000,,
78720,0.000,0.000,0.000,0.000,0.000,,
78780,0.000,0.000,0.000,0.000,0.000,,
78840,0.000,0.000,0.000,0.000,0.000,,
78900,0.000,0.000,0.000,0.000,0.000,,
78960,0.000,0.000,0.000,0.000,0.000,,
79020,0.000,0.000,0.000,0.000,0.000,,
79080,0.000,0.000,0.000,0.000,0.000,,
79140,0.000,0.000,0.000,0.000,0.000,,
79200,0.000,0.000,0.000,0.000,0.000,,
79260,0.000,0.000,0.000,0.000,0.000,,
79320,0.000,0.000,0.000,0.000,0.000,,
79380,0.000,0.000,0.000,0.000,0.000,,
79440,0.000,0.000,0.000,0.000,0.000,,
79500,0.000,0.000,0.000,0.000,0.000,,
79560,0.000,0.000,0.000,0.000,0.000,,
79620,0.000,0.000,0.000,0.000,0.000,,
79680,0.000,0.000,0.000,0.000,0.000,,
79740,0.000,0.000,0.000,0.000,0.000,,
79800,0.000,0.000,0.000,0.000,0.000,,
79860,0.000,0.000,0.000,0.000,0.000,,
79920,0.000,0.000,0.000,0.000,0.000,,
79980,0.000,0.000,0.000,0.000,0.000,,
80040,0.000,0.000,0.000,0.000,0.000,,
80100,0.000,0.000,0.000,0.000,0.000,,
80160,0.000,0.000,0.000,0.000,0.000,,
80220,0.000,0.000,0.000,0.000,0.000,,
80280,0.000,0.000,0.000,0.000,0.000,,
80340,0.000,0.000,0.000,0.000,0.000,,
80400,0.000,0.000,0.000,0.000,0.000,,
80460,0.000,0.000,0.000,0.000,0.000,,
80520,0.000,0.000,0.000,0.000,0.000,,
80580,0.000,0.000,0.000,0.000,0.000,,
80640,0.000,0.000,0.000,0.000,0.000,,
80700,0.000,0.000,0.000,0.000,0.000,,
80760,0.000,0.000,0.000,0.000,0.000,,
80820,0.000,0.000,0.000,0.000,0.000,,
80880,0.000,0.000,0.000,0.000,0.000,,
80940,0.000,0.000,0.000,0.000,0.000,,
81000,0.000,0.000,0.000,0.000,0.000,,
81060,0.000,0.000,0.000,0.000,0.000,,
81120,0.000,0.000,0.000,0.000,0.000,,
81180,0.000,0.000,0.000,0.000,0.000,,
81240,0.000,0.000,0.000,0.000,0.000,,
81300,0.000,0.000,0.000,0.000,0.000,,
81360,0.000,0.000,0.000,0.000,0.000,,
81420,0.000,0.000,0.000,0.000,0.000,,
81480,0.000,0.000,0.000,0.000,0.000,,
81540,0.000,0.000,0.000,0.000,0.000,,
81600,0.000,0.000,0.000,0.000,0.000,,
81660,0.000,0.000,0.000,0.000,0.000,,
81720,0.000,0.000,0.000,0.000,0.000,,
81780,0.000,0.000,0.000,0.000,0.000,,
81840,0.000,0.000,0.000,0.000,0.000,,
81900,0.000,0.000,0.000,0.000,0.000,,
81960,0.000,0.000,0.000,0.000,0.000,,
82020,0.000,0.000,0.000,0.000,0.000,,
82080,0.000,0.000,0.000,0.000,0.000,,
82140,0.000,0.000,0.000,0.000,0.000,,
82200,0.000,0.000,0.000,0.000,0.000,,
82260,0.000,0.000,0.000,0.000,0.000,,
82320,0.000,0.000,0.000,0.000,0.000,,
82380,0.000,0.000,0.000,0.000,0.000,,
82440,0.000,0.000,0.000,0.000,0.000,,
82500,0.000,0.000,0.000,0.000,0.000,,
82560,0.000,0.000,0.000,0.000,0.000,,
82620,0.000,0.000,0.000,0.000,0.000,,
82680,0.000,0.000,0.000,0.000,0.000,,
82740,0.000,0.000,0.000,0.000,0.000,,
82800,0.000,0.000,0.000,0.000,0.000,,
82860,0.000,0.000,0.000,0.000,0.000,,
82920,0.000,0.000,0.000,0.000,0.000,,
82980,0.000,0.000,0.000,0.000,0.000,,
83040,0.000,0.000,0.000,0.000,0.000,,
83100,0.000,0.000,0.000,0.000,0.000,,
83160,0.000,0.000,0.000,0.000,0.000,,
83220,0.000,0.000,0.000,0.000,0.000,,
83280,0.000,0.000,0.000,0.000,0.000,,
83340,0.000,0.000,0.000,0.000,0.000,,
83400,0.000,0.000,0.000,0.000,0.000,,
83460,0.000,0.000,0.000,0.000,0.000,,
83520,0.000,0.000,0.000,0.000,0.000,,
83580,0.000,0.000,0.000,0.000,0.000,,
83640,0.000,0.000,0.000,0.000,0.000,,
83700,0.000,0.000,0.000,0.000,0.000,,
83760,0.000,0.000,0.000,0.000,0.000,,
83820,0.001,0.001,0.001,0.001,0.001,,
83880,0.000,0.000,0.000,0.000,0.000,,
83940,0.000,0.000,0.000,0.000,0.000,,
84000,0.001,0.001,0.001,0.001,0.001,,
84060,0.000,0.000,0.000,0.000,0.000,,
84120,0.000,0.000,0.000,0.000,0.000,,
84180,0.000,0.000,0.000,0.000,0.000,,
84240,0.000,0.000,0.000,0.000,0.000,,
84300,0.000,0.000,0.000,0.000,0.000,,
84360,0.000,0.000,0.000,0.000,0.000,,
84420,0.000,0.000,0.000,0.000,0.000,,
84480,0.000,0.000,0.000,0.000,0.000,,
84540,0.000,0.000,0.000,0.000,0.000,,
84600,0.000,0.000,0.000,0.000,0.000,,
84660,0.000,0.000,0.000,0.000,0.000,,
84720,0.000,0.000,0.000,0.000,0.000,,
84780,0.000,0.000,0.000,0.000,0.000,,
84840,0.000,0.000,0.000,0.000,0.000,,
84900,0.000,0.000,0.000,0.000,0.000,,
84960,0.000,0.000,0.000,0.000,0.000,,
85020,0.000,0.000,0.000,0.000,0.000,,
85080,0.001,0.001,0.001,0.001,0.001,,
85140,0.000,0.000,0.000,0.000,0.000,,
85200,0.000,0.000,0.000,0.000,0.000,,
85260,0.000,0.000,0.000,0.000,0.000,,
85320,0.000,0.000,0.000,0.000,0.000,,
85380,0.000,0.000,0.000,0.000,0.000,,
85440,0.000,0.000,0.000,0.000,0.000,,
85500,0.000,0.000,0.000,0.000,0.000,,
85560,0.000,0.000,0.000,0.000,0.000,,
85620,0.000,0.000,0.000,0.000,0.000,,
85680,0.000,0.000,0.000,0.000,0.000,,
85740,0.000,0.000,0.000,0.000,0.000,,
85800,0.000,0.000,0.000,0.000,0.000,,
85860,0.000,0.000,0.000,0.000,0.000,,
85920,0.000,0.000,0.000,0.000,0.000,,
85980,0.000,0.000,0.000,0.000,0.000,,
86040,0.000,0.000,0.000,0.000,0.000,,
86100,0.000,0.000,0.000,0.000,0.000,,
86160,0.000,0.000,0.000,0.000,0.000,,
86220,0.000,0.000,0.000,0.000,0.000,,
86280,0.000,0.000,0.000,0.000,0.000,,
86340,0.000,0.000,0.000,0.000,0.000,,
86400,0.000,0.000,0.000,0.000,0.000,,
